0	0	PMD AutoChess Direct Damage Hit Micro Profiler v1.02.18	0000__id_0.rb	0	e3b0c44298fc1c149afbf4c8996fb92427ae41e4649b934ca495991b7852b855
1	1	▼ Modules	0001__id_1.rb	0	e3b0c44298fc1c149afbf4c8996fb92427ae41e4649b934ca495991b7852b855
2	2	Vocab	0002__id_2.rb	5132	046cf8b51eaf5ba32b21680f45cf4717919ac84057ac524a843118fe7962d86d
3	3	Sound	0003__id_3.rb	2056	102f2326a7860d2b5f55b52e4802d19dea95976a6d568ceddd044d7384f288bc
4	4	Cache	0004__id_4.rb	3819	d0655d62e8c289c37db522a02e4aa3f8fbe433d77aec9966a4e37b74049dd5ce
5	5		0005__id_5.rb	0	e3b0c44298fc1c149afbf4c8996fb92427ae41e4649b934ca495991b7852b855
6	6	▼ Game Objects	0006__id_6.rb	0	e3b0c44298fc1c149afbf4c8996fb92427ae41e4649b934ca495991b7852b855
7	7	Game_Temp	0007__id_7.rb	2251	f483ac08f05c66ea145e6cdcde169455f045f39fba46c8efa16cafe6ce07f851
8	8	Game_System	0008__id_8.rb	3087	7ebb2fdd8b7baf8d76266f090eb625f78e36adab7859b55fd3cd9ebce11a0f98
9	9	Game_Message	0009__id_9.rb	2986	fef45f4573050bc76580c579ee9ff043a25444bd6b2592741396a0750369639e
10	10	Game_Switches	0010__id_10.rb	1354	61bec22f73cfc209215d5b55ee910cb53894eb14f351fa601245ff10c463b555
11	11	Game_Variables	0011__id_11.rb	1377	39475d4d63170f98ee595e0e4e10f4faef8660bb50e4f177398acb220829e154
12	12	Game_SelfSwitches	0012__id_12.rb	1245	85e8db5069f9d62dd1f9b8bb8c801b4fca3f43a221b23f12175b6ef22cf5357e
13	13	Game_Screen	0013__id_13.rb	7916	1df872381b8b989484ba3a47afa4bf36905e18ce38a8090cc5b8d493374ac2d2
14	14	Game_Picture	0014__id_14.rb	5781	b1f4cd9ad378a65241722b9e82e5da78127a28a2ba19e756c27ba635dd782c47
15	15	Game_Battler	0015__id_15.rb	42538	78b5b00979487ba6c1c088244d93e0939a1de2b0e6869ba603c169d047c11206
16	16	Game_BattleAction	0016__id_16.rb	13825	e504a70764646f751727a61156873864c2fd89a2b9dca2646e73eed189f53921
17	17	Game_Actor	0017__id_17.rb	26571	b3c2f9efa24e95b0a6356d5aa664ce9926f40832b70d677bd09c015e950b890c
18	18	Game_Enemy	0018__id_18.rb	10481	1ac10ffa690834357bc65288abae674a2077fa0a841d72f710d44d55487639ac
19	19	Game_Actors	0019__id_19.rb	999	ba12a7d3b955061aecc0df6825a1d1e63bbd64924b083ee7a08232f2241f0bb9
20	20	Game_Unit	0020__id_20.rb	4113	de0e59158f5628633bdeb2962a6a21f33d49b79058c01418efe7223da5680faf
21	21	Game_Party	0021__id_21.rb	11130	8c65e88e621e7fbcb3aea87fa89d4d28694155107c708cc8db04491780b4bba2
22	22	Game_Troop	0022__id_22.rb	9501	1df871dbfe79ae2d739bf1cb1d89ec068708d1b7d9679cb9860f29378e68161f
23	23	Game_Map	0023__id_23.rb	20405	99ebcf039c116e303095fec17fa845642645a737e55af453623c2db651172f48
24	24	Game_CommonEvent	0024__id_24.rb	2677	6bd94b4453b1270890dce2c74cf8f5e13c4bc8e39507e9491094169e545e202b
25	25	Game_Character	0025__id_25.rb	33852	1ddc030e771760a185d9cf2e8375234da90385dad58b03ba634df398a4a41c37
26	26	Game_Event	0026__id_26.rb	6998	7b38c28a350198226f56832e300dfbec1cd8ec6abca48fb94c03229aec07d313
27	27	Game_Vehicle	0027__id_27.rb	6316	bb868cdb628610973a341a14eb1f0ff8302b569483a2ec4bbf360e7d6bd29e8b
28	28	Game_Player	0028__id_28.rb	22321	100e1fd01d13f915bdc364d9b25a5eafd5f00c889bffb4a8e4f7108364cff279
29	29	Game_Interpreter	0029__id_29.rb	60567	b8d0e1c8a62969331bac3ef0a5e5e2fb911fc96ace11b08eb41f0913f65a53d0
30	30		0030__id_30.rb	0	e3b0c44298fc1c149afbf4c8996fb92427ae41e4649b934ca495991b7852b855
31	31	▼ Sprites	0031__id_31.rb	0	e3b0c44298fc1c149afbf4c8996fb92427ae41e4649b934ca495991b7852b855
32	32	Sprite_Base	0032__id_32.rb	7693	e026531bc7086496e73b522e94b27c8c18c14e33c7ea55efbc4c0241110f1328
33	33	Sprite_Character	0033__id_33.rb	6165	a0a210a567f8e9e92ce4bc55e3d6b6cdd907ee5bda8e20a20130619c3138c403
34	34	Sprite_Battler	0034__id_34.rb	6492	19e0c4d6752c8bb3370bbd396877284c868b6d588ccff001f5114354e9b33c37
35	35	Sprite_Picture	0035__id_35.rb	2076	d90816a5b6f79fcfd37f638bea9bb0bd104a8744e2a0facec310f413ffd6a01e
36	36	Sprite_Timer	0036__id_36.rb	1738	0ae6251d91ed3646ef1bf54dc87a0b822454081b943ba93ffbfbfc11fab6d8dc
37	37	Spriteset_Weather	0037__id_37.rb	4750	aeb04a6918e5dda3a09ab555541310671a4d670a2c91a530e7dcbd63701ed4f7
38	38	Spriteset_Map	0038__id_38.rb	10189	d742b658f7e6b5a08436edd9a75fddd77193ffdd3d575b00fd2f0431578dfe36
39	39	Spriteset_Battle	0039__id_39.rb	9529	39577812b28ed12d2c802e3094164ca6373df9f0184e26ad0eee5a069a9a0459
40	40		0040__id_40.rb	0	e3b0c44298fc1c149afbf4c8996fb92427ae41e4649b934ca495991b7852b855
41	41	▼ Windows	0041__id_41.rb	0	e3b0c44298fc1c149afbf4c8996fb92427ae41e4649b934ca495991b7852b855
42	42	Window_Base	0042__id_42.rb	16838	eecc97819a8415752dd95afc726ab9a57f88979bb1ce5187626b7fb7075bc9f7
43	43	Window_Selectable	0043__id_43.rb	9830	76d5458fb29c97d5430b57d2f81d3a3e589f228790ee14111a77de08f3f92400
44	44	Window_Command	0044__id_44.rb	2282	f3aa6bd4ff3162e06997466f7ac8fbff6a0ea369c55e0890bec485da12310745
45	45	Window_Help	0045__id_45.rb	1190	685d451798f6b9b6b3227803b8e60482d39f3d0314f6b368dfde2292feb82b0b
46	46	Window_Gold	0046__id_46.rb	949	de086426dde1bf4ecd93a4b4756980c0756f7e25caaf100f39f1a774f72eecdd
47	47	Window_MenuStatus	0047__id_47.rb	2062	6c7a7528ce8f957175c45ee6385f53749be118f7f3d4a6d8c4ea7cf891da3de8
48	48	Window_Item	0048__id_48.rb	3178	8630ecc02cc0de670856f497ea9828ad9a3743e41fe4f6e7c993ba26b1783489
49	49	Window_Skill	0049__id_49.rb	2413	16168ffcdbc30130e1b82e6337f8b19a751af857686ee12e783191a7e74ad3a1
50	50	Window_SkillStatus	0050__id_50.rb	1135	ab137edf7c16120a2e7b8a712e4cf303c8327c6e8324e492f286495fd45f29f8
51	51	Window_Equip	0051__id_51.rb	2406	c046ed265c54bfa02ac2dd9ce2865c9c574d454fa1d92c9c8533d7a65afb4758
52	52	Window_EquipItem	0052__id_52.rb	1888	29e1b971822721a442b3bf5367f2cb64a16f30bb2a146be752226e1ce8d84783
53	53	Window_EquipStatus	0053__id_53.rb	3666	706281be17a3b2b054f7f232e976ce32c44ca40ff6c2c335e99acdd3be163478
54	54	Window_Status	0054__id_54.rb	3338	e287e33d4f770b2d7b7d6ca93d8a9ff1943839576ddb372f8cf87813b9069381
55	55	Window_SaveFile	0055__id_55.rb	4559	bcad3ed2e2e82dcf7698d609c3ae44e09c9d1040d1fcfc5a46d7de9389884b9d
56	56	Window_ShopBuy	0056__id_56.rb	2438	38199a61154bb5c8250002b40efcebbaafed136d60e5259207997609cac29e9f
57	57	Window_ShopSell	0057__id_57.rb	1354	193c5b96fca22a434999096ed8357f6f6079057223aebe1a821deed0d17b89f3
58	58	Window_ShopNumber	0058__id_58.rb	2598	92cc3f29a35e38bf14bd8876ce03db3800357572e079b03bb4a2db572a55dafd
59	59	Window_ShopStatus	0059__id_59.rb	3583	4c16fcfa3e27aca00981c04208d59471723cd9796409fcb8728711f47097dde9
60	60	Window_NameEdit	0060__id_60.rb	3938	969f7092a2f569a4ea060bd4c58de2ff4424fea915a156028adffdf51c391837
61	61	Window_NameInput	0061__id_61.rb	6511	9910c770ae5999ab0589e6a088fffc999526aa8402e30ff95c21ae08b8680804
62	62	Window_NumberInput	0062__id_62.rb	4191	d26dda0ff9a786a1d4f77e275d611b8fb342a636e4156a1881d1d5b405b5ffcc
63	63	Window_Message	0063__id_63.rb	15878	4fee7e248b70261c02f65e388c3f146ed29f71962cbec47ea0bdcafbaf9e4f18
64	64	Window_BattleMessage	0064__id_64.rb	4507	1eca2bcaac5847ec0da0c515818ccf685c75a3facc44c22be7724e021e462836
65	65	Window_PartyCommand	0065__id_65.rb	788	49a95c048eab22ef9f1f39750bc64782de0ea73242e47a139b1f7698db3cd8b5
66	66	Window_ActorCommand	0066__id_66.rb	1206	7f077940857d1a1b68478a247a85cb01fc03a9edc4c8f58f54e70d534537b2f7
67	67	Window_TargetEnemy	0067__id_67.rb	1056	c2154ede36ead7a1f7bb15c204902ec4193089ede010a355cb24c879228a6b3f
68	68	Window_BattleStatus	0068__id_68.rb	1799	babbeea6a10b2ec17ee3ae5360648416e0c8a61ea01e1551f00a0bef49312a88
69	69	Window_DebugLeft	0069__id_69.rb	2384	71e3a6281db4761addce5fee22513985cd2fd62736aba92ede886e2ec8c7d6a5
70	70	Window_DebugRight	0070__id_70.rb	3035	4474e8ad9196c821f3a551bfbc2caeb436c1fa8a89bfae148d057177e29a4966
71	71		0071__id_71.rb	0	e3b0c44298fc1c149afbf4c8996fb92427ae41e4649b934ca495991b7852b855
72	72	▼ Scenes	0072__id_72.rb	0	e3b0c44298fc1c149afbf4c8996fb92427ae41e4649b934ca495991b7852b855
73	73	Scene_Base	0073__id_73.rb	3844	e20a112766dfe422797b3ed7a039a7ef3892d73569085116db11e72e3cb5187e
74	74	Scene_Title	0074__id_74.rb	10862	2df082cbb434e67dad167e36c4bdea21574add936945862c007be7d2b17b8177
75	75	Scene_Map	0075__id_75.rb	10651	b8113fbb860b1f821e2420a2e924162f57c0293d41a2f9f9200004aacf72bd3e
76	76	Scene_Menu	0076__id_76.rb	5244	f424b94c061472611b69060856801a32cc143e7232736e0c48dbc5a130f6ad8a
77	77	Scene_Item	0077__id_77.rb	6343	815eda45ecfcba040cdf104030e7a1a89288be44e1482da081c3c9a69e795c75
78	78	Scene_Skill	0078__id_78.rb	7804	3ecf15ffa9278280d31e4654e1a347eb4e2cb9186ad4b3a72b2eb0354f6840c8
79	79	Scene_Equip	0079__id_79.rb	7047	1dff58b827a164f16ddcaaade408d111eee5b18f486db3667def9451d97f01a4
80	80	Scene_Status	0080__id_80.rb	2724	43731bdc83fe513aef6857e8e4f58355608c72f678cf07cf313d184b42f18e1a
81	81	Scene_File	0081__id_81.rb	9222	60626589f81e6f4aa32aa4c42578ac6a83f2a754e666a9dd652bdd9d4ff495da
82	82	Scene_End	0082__id_82.rb	5053	884bf9e2a5e546ce11da663ae06adf4f55ec058ab142f3042771e4ffa3b90e0e
83	83	Scene_Shop	0083__id_83.rb	8408	5da5ebf89b91e9cb1ca4e1a9b89673be070ecbb01c10cca040616cd155f4e7c3
84	84	Scene_Name	0084__id_84.rb	2642	7834f282778aec4fb9c7d4276a1965acff51892762873c674464942e165d9788
85	85	Scene_Debug	0085__id_85.rb	4541	f91652d9320e21419122c8282eff1ca2d45065a17de624d866cac707e2918f46
86	86	Scene_Battle	0086__id_86.rb	43947	5c6c94a33c6fa9ef5e8dfc6ec01e0e766b60f2a0b8f90fa248fbe3d3d7ae301a
87	87	Scene_Gameover	0087__id_87.rb	2149	cd0add9ece27796195c348e8a544346d8cdf3f8bae41807a08c1896b20226c48
88	88		0088__id_88.rb	0	e3b0c44298fc1c149afbf4c8996fb92427ae41e4649b934ca495991b7852b855
89	89	▼ Materials	0089__id_89.rb	0	e3b0c44298fc1c149afbf4c8996fb92427ae41e4649b934ca495991b7852b855
90	90		0090__id_90.rb	0	e3b0c44298fc1c149afbf4c8996fb92427ae41e4649b934ca495991b7852b855
91	91		0091__id_91.rb	0	e3b0c44298fc1c149afbf4c8996fb92427ae41e4649b934ca495991b7852b855
92	92	<README/How to Install>	0092__id_92.rb	3902	ebb64fdeccf556bd6d5a26cf4c3d347d39f28e8900af3c67f803b7b4a27a7f05
93	93	<FAQ>	0093__id_93.rb	4291	4a231163e676f9b21ed285bec0370189e6a4e42e91237102e0e1dd7840e5917f
94	94	<Release Notes>	0094__id_94.rb	7145	c0e365f3d0a87bc0e5b96441390bcd9df659bd505864a6ebcbfeb8449f4573c9
95	95	<Kaduki Battlers Info>	0095__id_95.rb	545	e7a70cf07a681dc087b240e18271b40a8e2e4de2dc04166c876aea086e5556d4
96	96		0096__id_96.rb	0	e3b0c44298fc1c149afbf4c8996fb92427ae41e4649b934ca495991b7852b855
97	97	 | Core Scripts |	0097__id_97.rb	673	195ac0dabc2bb311c99199c86f9636c81834a434a60357abf953b3a252d6a6a4
98	98	SBS Configurations (K)	0098__id_98.rb	78637	9ffbb5d7ed0fa9fb556ea8c867c2cefa7608c1bdaea63cf390d95238931d97a3
99	99	Sideview 1 (3.3)	0099__id_99.rb	84378	fdb2bb237199187aa90d8ce01d30a602687a13034f06151765ae5e68d068e12e
100	100	Sideview 2 (3.3)	0100__id_100.rb	101857	18ad9823f9cd591ab9e04022fc33cf8dc1c903009f044e21a366d6a6b75001e8
101	101		0101__id_101.rb	0	e3b0c44298fc1c149afbf4c8996fb92427ae41e4649b934ca495991b7852b855
102	102	 | Optional SBS Add-Ons |	0102__id_102.rb	0	e3b0c44298fc1c149afbf4c8996fb92427ae41e4649b934ca495991b7852b855
103	103	Enemy Gauge Addon	0103__id_103.rb	5813	88c4d5c1657acdce78d97fec1b623a1880f1c8564ce3e5be89afc61cfd48bffa
104	104	Enemy Animated Battlers	0104__id_104.rb	3018	1c184800a21d24874f12df09173f22d2f92c573f4e0bb141f89a2bb727a7bf18
105	105	Bubs' Bow Addon (K)	0105__id_105.rb	2598	d793cc2a539655370b2cb7fd37fbeb274250a3d7c908a9f2d3b5b9c59b802439
106	106	Guns Action Sequence (K)	0106__id_106.rb	4117	46aa35ee14a420e70e7a2a68612d26106a954e34b4d1af5cce9c643881f6afb6
107	107	NightWalker's Sample Skills	0107__id_107.rb	3512	8c731730f5cf143734b84e69bf44c35c473b904f47e197e1c95dd614d89ced85
108	108	Default Scope Options Addon	0108__id_108.rb	6088	456107396d5c10185e944c4e64918b777b3369f0d589cebbf23d02f7dad59ca1
109	109		0109__id_109.rb	0	e3b0c44298fc1c149afbf4c8996fb92427ae41e4649b934ca495991b7852b855
110	110	 | Independent Scripts |	0110__id_110.rb	0	e3b0c44298fc1c149afbf4c8996fb92427ae41e4649b934ca495991b7852b855
111	111	Battle Background	0111__id_111.rb	2965	c16ac16045ae08926e205191e3e54e0d88f0d92d8a2437741c05c50650fcf418
112	112	Level Up Display Window	0112__id_112.rb	19613	e9ad387226f9de6de6ba340d09c0b16788e5119d074547715a402b2639eaf4f2
113	113		0113__id_113.rb	0	e3b0c44298fc1c149afbf4c8996fb92427ae41e4649b934ca495991b7852b855
114	114	PMD AutoChess Data v0.3	0114__id_114.rb	9990477	11eebef28874000f01df0693bc5b1e244607a643eed68fb580e59ff05649abfd
115	115	PMD AutoChess Proto v0.15	0115__id_115.rb	466956	05765e2ef527afa1f196416996e66dfbd56f2e6b5dc4d2bb5160ee65532f9742
116	116	▼ Main Process	0116__id_116.rb	0	e3b0c44298fc1c149afbf4c8996fb92427ae41e4649b934ca495991b7852b855
117	117	PMD AutoChess Species Data v0.16.1	0117__id_117.rb	1344442	4d75df647c8acf1b5fd548b85b7ed3278bc71b6343759218cfa2d19277e4b43b
118	118	PMD AutoChess Proto v0.16.1	0118__id_118.rb	32352	03c8c9cec783ef31a625eb2abca978010fd38634b1a76d72fc65667a3e4beff3
119	119	PMD AutoChess Move Data v0.17	0119__id_119.rb	509919	12da2c7892517816e2a26bad950ea2790ddfe0a3dfeec429b14a0d8c7927fde0
120	120	PMD AutoChess Proto v0.17	0120__id_120.rb	14269	6cc02350cc4bde6b79eb8276bc3e144bb1a111cde88e7ad2c0fc02d1877f24f7
121	121	PMD AutoChess Move Behavior Data v0.18	0121__id_121.rb	28823	7b4cf16bbc89d8b4976eeeba7f198069692c7a4f9dbbb9c2461201750cd8465c
122	122	PMD AutoChess Proto v0.18	0122__id_122.rb	21951	8b964798adf0eefd5446fa314fe2bf7e32f81652a2fcb43257ccc3da7d1f4a18
123	123	PMD AutoChess Proto v0.18.1	0123__id_123.rb	6954	bfbd74b4e9fe568ce60b3c44e0bf96d57104058d22cee27996ba609d22deb53e
124	124	PMD AutoChess Stat Stage Data v0.19	0124__id_124.rb	12566	4cae49208d9fed87920a1df7a26419f77c3d89b53df5eccf3c2859c387826d42
125	125	PMD AutoChess Proto v0.19	0125__id_125.rb	22273	d4e7bb02b0c4cc79ffbb9b0c4f98b35aa0e46c458da920e9f5f0175f0657d69c
126	126	PMD AutoChess Sustain Recoil Data v0.20	0126__id_126.rb	13379	74bf8a52e4575c380fdcdb66cadcf2961df985a268e63dfac408e55973c2b7be
127	127	PMD AutoChess Proto v0.20	0127__id_127.rb	16682	79534391650e9c0337ad4eec42b3bafb8cf5c5bd11f92fae8745d930d6d213fb
128	128	PMD AutoChess Secondary Effect Data v0.21	0128__id_128.rb	39123	0745e4564cf145faf719692f4daf59612146e4af5110c9eb5465d9194f85f85e
129	129	PMD AutoChess Proto v0.21	0129__id_129.rb	20601	eeecf3bf3f5c1be49ee1312876e1057e68e11ca7ddedbb09ee8c1e1bedc26bb0
130	130	PMD AutoChess Proto v0.21.1	0130__id_130.rb	5104	598be6f70c3ec7b92c354f519dbd58d81f4c32eab92d526979230b5e080d226e
131	131	PMD AutoChess Proto v0.21.2	0131__id_131.rb	4413	b911bf7d859308ba3f492c25c2daa72e24fe5ef7c5112a327b279854de3acd5c
132	132	PMD AutoChess Proto v0.21.3	0132__id_132.rb	5134	2b813936c9c27c966b27879c4b28ed74f81377aa0dad1f2117585ef774a34604
133	133	PMD AutoChess Speed Status Data v0.22	0133__id_133.rb	36476	6fb3db4d85355be852ab123c9ad9518e7af9d9de49f50c3f7a0be55cfdf252e0
134	134	PMD AutoChess Proto v0.22	0134__id_134.rb	22700	25cf17d7318a7785d6795fda5dde96c3574213f7178cfb3c01c4c5cff6fd2c74
135	135	PMD AutoChess Proto v0.22.1	0135__id_135.rb	4922	97c57a623190204c83694e6d74e203291b9440e8be7cd99f782fff434107cd5b
136	136	PMD AutoChess Action Status Data v0.23	0136__id_136.rb	40905	b37c4f1d48e435b0cd698bc31bcac87b525c56b30b35906a1221875d9142e2ad
137	137	PMD AutoChess Proto v0.23	0137__id_137.rb	32597	342e870eb714c834a0a6cde830a11290df42e05b6a454085bf331c93b6cbb6fc
138	138	PMD AutoChess Proto v0.23.1	0138__id_138.rb	5433	8f4a0c08a358ede4fce83ef7bf06d4fa9da421cce7669b852e43222de84cd24a
139	139	PMD AutoChess Proto v0.23.2	0139__id_139.rb	4037	ca9c1f990c19e7616c274a3090eb1431f6f16fb0b1c4d9e333d950d57d468352
140	140	PMD AutoChess Ability Data v0.24	0140__id_140.rb	65235	f91b03f8af59f2da6c1236446258a8617ca02a13a19e30562f0711ceaf27da43
141	141	PMD AutoChess Proto v0.24	0141__id_141.rb	32271	97e806df3759a894d9cb7aacd16f1e40e397191fa9ef9df2e582865972da8438
142	142	PMD AutoChess Proto v0.24.1	0142__id_142.rb	4870	ca324717e0eb6040b5d8dd27c727a2f6f4ddf88b504ef8af2890bdd2086d5dba
143	143	PMD AutoChess Ability Trigger Data v0.25	0143__id_143.rb	7054	ee69bd1ab9c650373763f2b0f4632d4d73b142c6c86177b24d55b80fcb6a0058
144	144	PMD AutoChess Proto v0.25	0144__id_144.rb	32266	dd3874175c1c2e5efa5dc44f24165b7dfda36aba0b72dc6a4c79ec5937d7f8f8
145	145	PMD AutoChess Ability Passive Data v0.26	0145__id_145.rb	7290	cf779d74a344c3f500350a31cfd35655d800eae5eb03b8edb8d2a85153e7126c
146	146	PMD AutoChess Proto v0.26	0146__id_146.rb	30264	e81cce3a6f36e6b716dba331e7eeabc84715d410d6cc229ac5288b35db5506f4
147	147	PMD AutoChess Proto v0.26.1	0147__id_147.rb	5496	a321295f91573b812516df6721330e6b78b7a2b4e3a435f8c22117005aa52720
148	148	PMD AutoChess Accuracy Evasion Data v0.27	0148__id_148.rb	16954	0b472f100e6c14b180ddcdc2ce1a9c0707a000c08841ac62f13c49119243aa94
149	149	PMD AutoChess Proto v0.27	0149__id_149.rb	30908	4c5f8969536f167e7e07077ce48b06c1ae854e759211e8da70063ff34d09349f
150	150	PMD AutoChess Weather Data v0.28	0150__id_150.rb	11834	4e420ed176614541a350545703d72d3e6ce66e377aa0edf33dcee4333a8cdd29
151	151	PMD AutoChess Proto v0.28	0151__id_151.rb	33480	1dcc95de7a919f540004388d0daa8e503f26e0ade0d7a0404699426ace7eaf4a
152	152	PMD AutoChess Proto v0.29	0152__id_152.rb	14360	73b382db94d38aa48f2423c855a9e150fa17f01c0099328f7e96cc952e6f814d
153	153	PMD AutoChess Skill Visual Data v0.30	0153__id_153.rb	4203	f6612bcbe0b7e930e260c6367d26f30167d540eb0364385e133e640c90a35c2b
154	154	PMD AutoChess Proto v0.30	0154__id_154.rb	26022	3725cbc2d6bf1c31441b5abe2ff6051504c099bc049b12be72be8a6abef0152e
155	155	PMD AutoChess Skill Visual Data v0.31	0155__id_155.rb	21516	1ddd9899c620ff53e82f5e558473695be05db98fc5525718f69ced4d07104ca3
156	156	PMD AutoChess Proto v0.31	0156__id_156.rb	19981	06fe2f0a46b1756f7d4a55b337b36c63a2e0d8bdbb5a92000bbbf9f7c5aaef45
157	157	PMD AutoChess Proto v0.31.1	0157__id_157.rb	5395	01c352c740ead9db1049602a9e320ae0946471bc3fbaa7203b05f82bc30d28c1
158	158	PMD AutoChess Skill Audio Data v0.32	0158__id_158.rb	53617	668b057d79c6dcccc8a9d035cdd29b0830a50634c89017c45f0fad543a3b1a97
159	159	PMD AutoChess Proto v0.32	0159__id_159.rb	16975	85af53ca6eea822fcf248ef7b43512cd4bb739055534a43cb1610e2ddac73f87
160	160	PMD AutoChess Skill Special Data v0.33	0160__id_160.rb	5810	1f7e319fda1eb87b7718a86ccf7bffe35a4e436e789d09f8cdbfeff2e6ad0600
161	161	PMD AutoChess Proto v0.33	0161__id_161.rb	22069	4ded1475315ec690e240e484242b5190e1bc33eac38e718c93b79213b340655c
162	162	PMD AutoChess Proto v0.33.1	0162__id_162.rb	4980	726946cb1b9003f2562ec2ff8c7225e5a1de75274c17d113e01d908f8d981b4a
163	163	PMD AutoChess Skill Special Data v0.34	0163__id_163.rb	7143	f90718021132da08ac0416d09197f602e77f4a885ef6d73e7a2ad1ee7efcd666
164	164	PMD AutoChess Proto v0.34	0164__id_164.rb	16259	961d936379b5b5ebb97c14f89e46edc388c1da4ccdecb6b83ea7f28b2435ad54
165	165	PMD AutoChess Field Effect Data v0.35	0165__id_165.rb	10500	f52515564173afe0b0a78d6b4de08429d3c7b046bd488917be6c619b831bebfd
166	166	PMD AutoChess Proto v0.35	0166__id_166.rb	28245	b1085631fce055b37c4290470c50b6374de602fb6f738ff5585468db3f05b4c5
167	167	PMD AutoChess Field Spatial Data v0.36	0167__id_167.rb	3547	8f4f552f625ebc4d4c19d0af9bd0deacaaf2ce33738ace3458109932b54a94af
168	168	PMD AutoChess Proto v0.36	0168__id_168.rb	25017	bfe8af6a736527595d8305efe877f4bfd121f4626d32979f4b9fdd3d006b9f5c
169	169	PMD AutoChess Proto v0.36.1	0169__id_169.rb	2767	08f63413d3136dcd3538e9fd691fd1c7ef047a531e98f40798b35811a7fcd03a
170	170	PMD AutoChess Field AI Data v0.37	0170__id_170.rb	2045	ecceb5037b8be754fdd3f0e560eef7b77fbfe1e8f427c177eb6441c1038ce70f
171	171	PMD AutoChess Proto v0.37	0171__id_171.rb	16709	59a79747f0dbb5500d28a3796bcb1a22eed75ee86e94390f0fed7d5c00aeafa1
172	172	PMD AutoChess Altitude Data v0.38	0172__id_172.rb	2513	55fe68e65de11ef6a3709277a7a68d288e64a7c97336dc5d3dbd824e97072054
173	173	PMD AutoChess Proto v0.38	0173__id_173.rb	20818	c6a28618dae518cfb4aee9dea881083826c48ae213159f1ea7eea0c5b2472005
174	174	PMD AutoChess Two-Turn Data v0.39	0174__id_174.rb	6941	d007789223312f8c67369380798f792d378c329db31def4f96fc5fbd0dded86f
175	175	PMD AutoChess Proto v0.39	0175__id_175.rb	27698	1e6d648858487697e51d8e0c7dfb030b7b56885217cd9dfa6a3fb648f335856b
176	176	PMD AutoChess Proto v0.39.1	0176__id_176.rb	2410	0744fd00a54c0849420a3b33b73e0c1570af749431ea009a63614dfb8efd87e3
177	177	PMD AutoChess Guard Data v0.40	0177__id_177.rb	7380	1fd12fd62e839aa3e7d0743159d9bf28a15c47e1e1aa065ba0748c96bee0b37e
178	178	PMD AutoChess Proto v0.40	0178__id_178.rb	26554	b0d4dce8e6bff2a7c14371d10873e10def8f34ac3cb2a078059f49821b15dbb3
179	179	PMD AutoChess Proto v0.40.1	0179__id_179.rb	5451	f254aaf98e59404ba0bd03531fc7d8a57174629de7df24b31a1293566af6d6e8
180	180	PMD AutoChess Held Item Data v0.41	0180__id_180.rb	3091	8cef2933bf07414393b3d3363f8d24d1e87fe760cc51756669a8733bd5abd177
181	181	PMD AutoChess Proto v0.41	0181__id_181.rb	25002	143cfe7b914b01d2f4f87bca49c6404bba4b66071dfc0f446b47337df4099fb6
182	182	PMD AutoChess Proto v0.41.1	0182__id_182.rb	3662	cd23c4af057ae0643c5adc84231cf7e2188b7f1cc5b92283b9ddab0c06a16eba
183	183	PMD AutoChess Priority Data v0.42	0183__id_183.rb	10477	dd2efc6d5426fab5f88067ecc891ba0579ea3a7185a7208efa41473fd90a1ed5
184	184	PMD AutoChess Proto v0.42	0184__id_184.rb	18852	ed0480c1b2382b6563cd4f7408f0a2be79b2c935eb440074e822cd2ec4853563
185	185	PMD AutoChess Proto v0.42.1	0185__id_185.rb	4776	fdb948cc816bb8f142b5a2057d55a915b64a774ecdd3bb6f593575bf922c0757
186	186	PMD AutoChess Reactive Priority Data v0.43	0186__id_186.rb	8695	6db4ff2a36b70a1c2c98cb3fa1f69fd67a77e4d53328fcffc3498cf12685eb7c
187	187	PMD AutoChess Proto v0.43	0187__id_187.rb	23566	89278fcfd744c282a902406b02e12d6701228ee03ff0950eff90243866fbec80
188	188	PMD AutoChess Proto v0.43.1	0188__id_188.rb	3972	9e428f87f6b1cd556cd29eb8ec283f01d685cd447062eb751ac729acbad82c63
189	189	PMD AutoChess Proto v0.43.2	0189__id_189.rb	3732	059181fcbd8f110b2635db02074763efe73f16956493826962f72596cfb5ced0
190	190	PMD AutoChess Tactical Support Data v0.44	0190__id_190.rb	8033	a3aee44a1da370bcd419cfd62cd322f5d28c2ee155e00931d41f6601b3f26dc8
191	191	PMD AutoChess Proto v0.44	0191__id_191.rb	30037	d729e9b982dbf0715c168c2487e19af8aacf69aa21b6accdc42f31e5f02a8f11
192	192	PMD AutoChess Identity Growth Data v0.45	0192__id_192.rb	2457	2a85083d875c17f1e38b97558a21caf8ad6e4233b5b9847f5e1c5ffd4779d59a
193	193	PMD AutoChess Proto v0.45	0193__id_193.rb	28858	0f34cdcc9ed5b5704c8cf10c54040361352a025d961fa954d5251af4bb7275c8
194	194	PMD AutoChess RPG Progression Data v0.46	0194__id_194.rb	2831	066e692c703d936079461552d065d849eaa1a1a6d2d3fcdd98c7899dd1572d91
195	195	PMD AutoChess Proto v0.46	0195__id_195.rb	27173	f2e8ee6a82f5a45a0d07141b41441d24d9787b746382f0a0cc2b3c75cd46dd9a
196	196	PMD AutoChess RPG Progression UI Data v0.47	0196__id_196.rb	1867	a5f9fd56e1e61b08f2973f929b9891a22d4daaf891ff65b6ab2efaeb51f290fa
197	197	PMD AutoChess Proto v0.47	0197__id_197.rb	27539	a64d639bb863dd81cd31877e2c49fb609ed71cac30d1a52fc77088e128119949
198	198	PMD AutoChess Skill Mastery Policy Data v0.48	0198__id_198.rb	3354	0e89486b0f9a5671bd06588c1ac8229d92a713c0bf5b3d94c5ecb3d538672e87
199	199	PMD AutoChess Proto v0.48	0199__id_199.rb	24073	1ecef7b248622c7865ca91fe23ae8e91635f68a2fb692940e3a70e3fa445aae2
200	200	PMD AutoChess Move Runtime Coverage Data v0.49	0200__id_200.rb	12839	1201bf57f2fc2007af6e767c20f582f9a76eef503863a5c4de9b23bfebf36d40
201	201	PMD AutoChess Proto v0.49	0201__id_201.rb	19002	85c2b7298ce3ddfa1e1d465c3ee1996bb212d7336f14569363e34fd6566c5b98
202	202	PMD AutoChess Move Runtime Coverage Data v0.50	0202__id_202.rb	24583	dd02ff43d55e12165b8eadfa172e8dd7a02c358a4271e4447f60e2aec1db1c34
203	203	PMD AutoChess Proto v0.50	0203__id_203.rb	17124	aec79797c523777df196d11a4ae14c34579cd2576074d0acd6d9fef70ce45325
204	204	PMD AutoChess Move Runtime Coverage Data v0.51	0204__id_204.rb	32311	ec93ef632e0c8f10ed08fdfecad2f1f6e83f131268abd5e3cd3fd4df7d3bf0db
205	205	PMD AutoChess Proto v0.51	0205__id_205.rb	30043	7cb5339769fd5e555323cc27f0ea110d86b3f9edf38d104d49b54f8c19a7a730
206	206	PMD AutoChess Move Runtime Coverage Data v0.52	0206__id_206.rb	31797	9260938cf1d6fe6467d12cf86c5be8b01de11ba099b8f8edf457c4fc189029a5
207	207	PMD AutoChess Proto v0.52	0207__id_207.rb	30916	b2f85e503b51a0b101ab981477c92fa6b225b23f83432aec95f4b659ec375a4e
208	208	PMD AutoChess Proto v0.52.1 RGSS2 Compatibility Fix	0208__id_208.rb	3925	b75467201b6b01bb0ccc72919e2ceef7bc7c83e0a9d79a89414dd8a4f9fed01d
209	209	PMD AutoChess Move Runtime Coverage Data v0.53	0209__id_209.rb	28847	37712c47f3e32b07a0bb1cc652c74b1c940aa8394a83be2dfe0f5cd42aa54ef2
210	210	PMD AutoChess Proto v0.53	0210__id_210.rb	43172	f11365c6becf384773a8d269a4b4731c5fe5487a35692b2f116e7972952adbb0
211	211	PMD AutoChess Move Runtime Coverage Data v0.54	0211__id_211.rb	23919	0674407e39ffd553fe3348f580102771a7bc727d887fea341a10592c8e22f9be
212	212	PMD AutoChess Proto v0.54	0212__id_212.rb	31759	42f249c9193951ac87af4e7f739d82dcde60f9b3f8a011a5af091351da932973
213	213	PMD AutoChess Presentation User Config v0.55	0213__id_213.rb	6192	843901e954a986840b5fb56d532113d12f4b148a7d6ef01e35228fdbaad384f7
214	214	PMD AutoChess Proto v0.55	0214__id_214.rb	23537	29b4fa1a8977a095055252343e7f964ef4336a9cbabece6071533e01be44688b
215	215	PMD AutoChess Presentation Contact Tuning v0.55.1	0215__id_215.rb	3004	1366a7bafab881f8e8aa6adf8725ec598d1cf89b2bcb6301bbb718d42a6c36b5
216	216	PMD AutoChess Proto v0.55.1	0216__id_216.rb	13785	4c2899aa784cadbde2876bc9630c8fe5eb902cf446f27a1f70bde4a164ebbe77
217	217	PMD AutoChess Presentation Cadence Tuning v0.55.2	0217__id_217.rb	5013	f9718856a38fab0b8f3bb9de8dfc77547da37bd4c9d56a9ff861aa58d713da0e
218	218	PMD AutoChess Proto v0.55.2	0218__id_218.rb	27632	5b2d495f444b1562779747a405c988ffad1621f5fabbabd394ca2e09bcd4a295
219	219	PMD AutoChess Presentation Hit Feedback Tuning v0.55.3	0219__id_219.rb	2916	471aa3370b6a47338648f059ff1a45e3fa8d99d2a9a2de74807735e788fae4b7
220	220	PMD AutoChess Proto v0.55.3	0220__id_220.rb	12377	57408dee20dae4cba966e69d3174d6abec9ced471bd5adf7bb695b6e69ed3c9b
221	221	PMD AutoChess Move Runtime Coverage Data v0.56	0221__id_221.rb	30105	a20f0ec8871d2412a2b73ffcf57b5367c290cafc4bf5c544a68cc06224b53271
222	222	PMD AutoChess Proto v0.56	0222__id_222.rb	45100	3dd7cfb4cf5fa6e546befc08f8df523384ad6457ea98a01bea903520f054984f
223	223	PMD AutoChess Organic Combat SFX Palette v0.56.1	0223__id_223.rb	7998	57f7831257eb80489671b31b14294eb8fb42eaeae0ab90c53813815b3a344159
224	224	PMD AutoChess Proto v0.56.1	0224__id_224.rb	15379	be5dc0c62f491735b232a33cdcdb57d7c44d72b7082be09c2b9ca858917ba7ee
225	225	PMD AutoChess Move Runtime Coverage Data v0.57	0225__id_225.rb	43415	15aadc9ef8907a3e742962ec28fe4b0424e425e2b3bc13af384c18101e66c1df
226	226	PMD AutoChess Proto v0.57	0226__id_226.rb	38208	23383b936e29551b8c3b5f7a091046b52415a37ef914215da733cf99d2a4bad9
227	227	PMD AutoChess Proto v0.57.1	0227__id_227.rb	7095	df67ab8fbc29e2f0d8fedcf5e32bb874da4afd8728f3e8e06aaaff9979d3437b
228	228	PMD AutoChess Presentation Flash & Sequence Config v0.57.2	0228__id_228.rb	3672	af741bbb72a83ea26144193ef8aabc65814c91c712dfda75a67a7d56c9afe312
229	229	PMD AutoChess Proto v0.57.2	0229__id_229.rb	19108	7a5771f20989ae5f866275ed9ad6a0628394891e7263276384d4ec8c208b072f
230	230	PMD AutoChess Target Anchor Tuning v0.57.3	0230__id_230.rb	2609	ad9322a7c80f916177896a590bc7b632d99e3dccf00ee4bf8372ef0dffdd544f
231	231	PMD AutoChess Proto v0.57.3	0231__id_231.rb	17596	f819f02dbd0325f8efc9feb730d7ade4e2b1416aca74c6b8249fa63873a15010
232	232	PMD AutoChess Target FX Beam Tuning v0.57.4	0232__id_232.rb	2212	d61b4915fead15fde5290a07c2c72c8579ba6f05f23e7f0f28abd5b2c98d2d80
233	233	PMD AutoChess Proto v0.57.4	0233__id_233.rb	10959	84e4955bb752574dd4f814aa4b74db2f174f131091c57066ed793b0304a25e93
234	234	PMD AutoChess Contact Ground-Y Tuning v0.57.5	0234__id_234.rb	2013	764347e99d47c44c065e9e1ee58f86e8b928cb4821c43f62fe9ad4dd6211f519
235	235	PMD AutoChess Proto v0.57.5	0235__id_235.rb	9448	ed68d8b0f6d9b1fcae598f2333164b25d08e29e70b16122cd4ee9e63ff17e20d
236	236	PMD AutoChess Contact Visible Baseline Tuning v0.57.6	0236__id_236.rb	1780	a2c8905045e3601ebd534b1e3d225d628b0ec3d73f1112f44e561b0221a84a28
237	237	PMD AutoChess Proto v0.57.6	0237__id_237.rb	7409	8cac6568f522304b986be5606c2f78decb2bd707d76a2ffd685c865d1cfed766
238	238	PMD AutoChess Move Runtime Coverage Data v0.58	0238__id_238.rb	11859	a832e1820058dac9404ec8d905c1be69c7ace3888077d2f469dc4d6875e394eb
239	239	PMD AutoChess Proto v0.58	0239__id_239.rb	31658	1ccd7eb3d4093f8252f0d0ba84667af279f2bdada787d13faf9e229418a2fa11
240	240	PMD AutoChess Move Runtime Coverage Data v0.59	0240__id_240.rb	12908	90fc18c1d8110b5b8b9aa70827ace86fa13c74a310ef60aabe4ff4a6081fce2d
241	241	PMD AutoChess Proto v0.59	0241__id_241.rb	33052	b9c78ffc9274e678bdcdf9fce163b086961e8efec7625ab4bf79f45b57b2afae
242	242	PMD AutoChess Proto v0.59.1	0242__id_242.rb	16824	25cf4e9afcedf7400386bf3776fe4387c42a2cfa0592925814b6c94ff8983a13
243	243	PMD AutoChess PMDCollab Native Pose Config v0.60	0243__id_243.rb	11142	70471591e0ff699fc0168fa53c268d645ee9e7f4d79b51c483074673eca433da
244	244	PMD AutoChess Proto v0.60	0244__id_244.rb	26927	5529dada03b2942bb534858aa43f381aebee8d430f3f0d4df0194f54404b4b62
245	245	PMD AutoChess Proto v0.60.1	0245__id_245.rb	5673	16e00544392147b59f5ac577a66dd8ae1fae6683b8a347d7cfc9ec97e2be8bd1
246	246	PMD AutoChess Proto v0.60.2	0246__id_246.rb	9622	088b85a3826d9b5cbad0bec0a2f6927e489a3c75e678557a88a30be3203cf2aa
247	247	PMD AutoChess Compiled Native Pose Config v0.61.1	0247__id_247.rb	18420	971f916150ec1701b32c858dc06384ea9772986c987bf88b144d48797b3a4e50
248	248	PMD AutoChess Proto v0.61.1	0248__id_248.rb	13479	74acffd8a01910319fb0c3b3bf08d6da64d22bb3424c9c3a98efeadef9b7eb07
249	249	PMD AutoChess Proto v0.61.2	0249__id_249.rb	4520	b0a1015950f5c23e7b745cbed1d2f9ed1ee0c8f6ef0e7c0f19c03dd478b55340
250	99062001	PMD AutoChess Proto v0.62	0250__id_99062001.rb	15968	8dc62008dd7d0fc00a13da008fbb781ef6cca79e30887018d34b9e071ac23ac7
251	99063001	PMD AutoChess Native Semantic Audit Data v0.63	0251__id_99063001.rb	17249	ac3ef783aafe814953bf62681e090fbaac2c635fed8ec7e8902783e68b88672b
252	99063002	PMD AutoChess Proto v0.63	0252__id_99063002.rb	11785	e176703d354219d10314bc3ba984f29a8b87d9602ff2f6612566ca39f94141e3
253	99064001	PMD AutoChess Ability Runtime Coverage Data v0.64	0253__id_99064001.rb	3944	20b43797935c1617212d04afa675ebbab91d1ab9f2baa440ffa88fb3230efbc1
254	99064002	PMD AutoChess Proto v0.64	0254__id_99064002.rb	22569	00cd555cc2ef6ead8b4866e9b753d9df4fb9cd72a0bac3c423e58d089bc783e9
255	99065001	PMD AutoChess Ability Runtime Data v0.65	0255__id_99065001.rb	4738	1d41d46a7d6d0f9eb63061d8de61f0697d1902bb1ea207bc6b858143bf8b81a8
256	99065002	PMD AutoChess Proto v0.65	0256__id_99065002.rb	39494	440ab8b168797ebccdbef860e4c38fdfb1f9ebf2f4d1d02dea4c05ce5fbcad92
257	99066001	PMD AutoChess Ability Runtime Data v0.66	0257__id_99066001.rb	5634	905df51664de0afa7f6ec8221ac7278be169b050d9b9cdb5317e40821e59fa11
258	99066002	PMD AutoChess Proto v0.66	0258__id_99066002.rb	39910	a345683c784591075bdc039df6f4e99c9eeaaaf8aa3a18e8364ac3021702bac8
259	99066101	PMD AutoChess Proto v0.66.1 Verifier Fix	0259__id_99066101.rb	5365	a17b911673c87a4be626de962016c828810af0934a4b3ad4320ac3eed53e1e24
260	99067001	PMD AutoChess Ability Runtime Data v0.67	0260__id_99067001.rb	6040	88ca0d3b240b304f9b6b165ecb960a28b2f7055bd87ff73feb12e29b481effa1
261	99067002	PMD AutoChess Proto v0.67	0261__id_99067002.rb	36087	5f92639a4dfd14f100e1492f37b94d3b38921f4368281229c157bb95bdbe53f2
262	99067101	PMD AutoChess Proto v0.67.1	0262__id_99067101.rb	2734	02a5d74e8255379cc6278311388791f9692671df122b95724f544266edbca08e
263	99068001	PMD AutoChess Combat AI Data v0.68	0263__id_99068001.rb	3885	39bdea603d6b3336b7983c5d91bc2e8f74c903f1d5bea5bf10ed9e555b00f473
264	99068002	PMD AutoChess Proto v0.68	0264__id_99068002.rb	31312	07bb22f27afa166357897bc483a616cad6c47cdc11c1b3daf10e42b0c74f88eb
265	99069001	PMD AutoChess Combat AI Data v0.69	0265__id_99069001.rb	3445	9a3c92d9ce57b7158eb8f14738e09c04956335058b981f971180e9763dc95d4c
266	99069002	PMD AutoChess Proto v0.69	0266__id_99069002.rb	29074	1a76694141110d509317e54eb126bdb243b74134a93d6feba8f8213695125ae2
267	99070001	PMD AutoChess Combat AI Data v0.70	0267__id_99070001.rb	3691	ec78dbd4674a3a33c802a1cc3938b5b772eb430c54d5c8ec749668803d4c83e5
268	99070002	PMD AutoChess Proto v0.70	0268__id_99070002.rb	24878	3014905bfab3360eba50127cca42e3423fd616d31e4c90588dcb49717475a804
269	99070003	PMD AutoChess Combat AI Data v0.71	0269__id_99070003.rb	3338	dea185ed62e65c1bd26fe72a6c06fa92f4fb9271c64f2b7a5fceb34ea246cfbb
270	99070004	PMD AutoChess Proto v0.71	0270__id_99070004.rb	25065	ae69c05426f0da6c2faf798f85380dfe433c7c8714481570de9885e43faee405
271	99072001	PMD AutoChess Combat AI Data v0.72	0271__id_99072001.rb	2947	4775dadcc9681908a91aa9078f24c4adbf3e2e10899a2a3088bfc9fcf42fdcf5
272	99072002	PMD AutoChess Proto v0.72	0272__id_99072002.rb	23940	0c92feb9e6b6002f4b11caf720d51b30b4169f0222f8f645150f132cda4f41d9
273	99072101	PMD AutoChess Proto v0.72.1	0273__id_99072101.rb	3363	3c5f3f0970797d9f3b0cc444a90bef5eb67110982aef82ef0f07c5d29f1b4734
274	99073001	PMD AutoChess Full Battle Soak Data v0.73	0274__id_99073001.rb	7508	facd34ec62af5180b15e69e3435b8b52992b46b479a6ed5232d6a497b28aa6b2
275	99073002	PMD AutoChess Proto v0.73	0275__id_99073002.rb	18894	528852ed742855478cb4f33b37968fe51b8ebcfc3d0bae6fc1fd6359ca931f5e
276	99074001	PMD AutoChess Proto v0.74	0276__id_99074001.rb	14040	35b0fc7775962fefee71811f821ac586c9de91908dc42f49898a04907c230759
277	99074101	PMD AutoChess Proto v0.74.1	0277__id_99074101.rb	11149	b7f3c102af361c1c1091c1e38f2aedd03863121cef54da5d2219e4ccb39382a9
278	99074102	PMD AutoChess Proto v0.74.2	0278__id_99074102.rb	10850	e7a5ddae9b010660270d1e4fdfe0616b35ae3d6248d995e703d7edd541c9d792
279	99074103	PMD AutoChess Proto v0.74.3	0279__id_99074103.rb	12297	7e9faa10b313357e57e0e77b4bd58fa783e9796e11af70f747948a7ce3cf6caa
280	99074104	PMD AutoChess Balance Data v0.75	0280__id_99074104.rb	3687	e24db4e0e5b76b1cc6919c9d76b2d9c4b31248be6ae45915667401c26251af06
281	99074105	PMD AutoChess Proto v0.75	0281__id_99074105.rb	17000	bd3c0128097dcc1849a989cd78561a984283ade5f11c39b823b97eeb12c709ca
282	99074106	PMD AutoChess Proto v0.75.1	0282__id_99074106.rb	3837	33d935c620fae7de1f68fa355b18e36d4f1177aef4d37a387249b060ebada9f9
283	99074107	PMD AutoChess Proto v0.76	0283__id_99074107.rb	16149	131b010a06fa6af8026d8e085e92001c55641e6b8b1123bb18abac26263b00f9
284	99074108	PMD AutoChess Progression Flow Data v0.77	0284__id_99074108.rb	2141	141f1de58e759a13310a44f2cfa4d59173f14d70cfcb3ca9c35f2f8093e688a2
285	99074109	PMD AutoChess Proto v0.77	0285__id_99074109.rb	24761	a97439c380037cc03ddccb845d0125617b896941e14ff31c0b028cc490f1bac5
286	99074110	PMD AutoChess Proto v0.77.1	0286__id_99074110.rb	3120	7527a81255f5683a8d113e21d56f4d1d616355f74d2e42c5f1d52dc4f0eb0ac6
287	99074111	PMD AutoChess Party Storage Data v0.78	0287__id_99074111.rb	5252	005c8ef91b4b1221c1659304529080ee706b33ab121effc9e136c1cc56ebee92
288	99074112	PMD AutoChess Proto v0.78	0288__id_99074112.rb	23000	d37a6ece145fac0c5a25c93e454fb2facfd57149031330dd3dc988ab12111c95
289	99074113	PMD AutoChess Proto v0.78.1	0289__id_99074113.rb	8287	27c047bb18a0488c4d8001228201675d1b34e1e350aea4c3a34de85b37b13036
290	99074114	PMD AutoChess Proto v0.79	0290__id_99074114.rb	25709	5a4ab7a8ec3cc620f6a8ded407a8317b211b1a37e22f043185ff52e4c09be205
291	99074115	PMD AutoChess Stage Data v0.80	0291__id_99074115.rb	8222	e11594d77dd30489d5493c68251b29010b6ff8bd61272b4b7478299aae46fef2
292	99074116	PMD AutoChess Proto v0.80	0292__id_99074116.rb	21279	0ab027f6ef1f1705b7a8de5d13dc8e0728d78885576142b78d499a0de135cb97
293	99074117	PMD AutoChess RPG Encounter Data v0.81	0293__id_99074117.rb	12738	02e3546cadcc470b6f013e93390ad36a7fbc53a480d4d76958c92a5d707c716a
294	99074118	PMD AutoChess Proto v0.81	0294__id_99074118.rb	26232	88f3808c29d9ddc625d2c6d0e4e0109bab5faca0aca7cffbcf519f0ec6e9ad5b
295	99074119	PMD AutoChess RPG Field Data v0.82	0295__id_99074119.rb	11639	2a49fe4833e3e4bb84d32fddc81287707f5e13d09ff34a7639f10801cdefa0f3
296	99074120	PMD AutoChess Proto v0.82	0296__id_99074120.rb	13493	d14e84a5f45c1319ab29cdfc0afc02a6ca41d25679ed02fd99e435fb8b1bb5c2
297	99074121	PMD AutoChess 中文設定總索引 v0.86	0297__id_99074121.rb	4966	253bc95a7bb96efa40001875e44dd70454b877c986e25103237873927cad5319
298	99074122	PMD AutoChess Reward Loot Data v0.83	0298__id_99074122.rb	10944	001c9b3e8171b108aab427b45d6d83e04a2fd0503e80b106a86562a961b2e832
299	99074123	PMD AutoChess Proto v0.83	0299__id_99074123.rb	12377	cbaf9b92c070ee4ec3442d0e26669e3f767f74ffb1e512bea676a3dbf6b1eb52
300	99074124	PMD AutoChess Proto v0.83.1	0300__id_99074124.rb	3850	df679bcd3278b073b4662bcb0300ec79c97b00dc7efde2c46dd0f8c7121253ac
301	99074125	PMD AutoChess Encounter Config Data v0.84	0301__id_99074125.rb	15135	069b7029467efc1b319d6244732bb665a63ba0c809b3d4487df29492daa1d59f
302	99074126	PMD AutoChess Proto v0.84	0302__id_99074126.rb	17350	6cc44afc6f569c272f30846948cf7d79865e65ad26675a8220349f633017ade2
303	99074127	PMD AutoChess Battle Presentation Data v0.85	0303__id_99074127.rb	11323	38b0f823b8609f6342939015d6468e499e5744888fb12bccd281e31f200934ef
304	99074128	PMD AutoChess Proto v0.85	0304__id_99074128.rb	14474	efd4ec3db3a59e20dfeac6287e7010c5ead62f9cdc56f21f7661ed06ded968b6
305	99074129	PMD AutoChess Region Ecology Data v0.86	0305__id_99074129.rb	14800	5dbd28b1f0fe227a2fb7ba37ee205aaab173adc01c94c821147af103fcb517fc
306	99074130	PMD AutoChess Proto v0.86	0306__id_99074130.rb	15742	dc3c1ba8f9eb81d45e5a97959a0f6d44fcc69572afc6207317338eebf222ec2b
307	99074131	PMD AutoChess UI Readability v0.86	0307__id_99074131.rb	33305	77762590d2210993e504656a637859f91ea52be233637656c0ea03834a35706f
308	0	PMD AutoChess Direct Damage Hit Micro Profiler v1.02.18	0308__id_0.rb	5231	83e69f08f4bc240f21fdd7610704499bfc2cec55889d7470c66667474a96c207
309	0	PMD AutoChess Direct Damage Hit Micro Profiler v1.02.18	0309__id_0.rb	19360	29af4c6a422de44a0420ff25bde522a1f001cf83bec4fbab41c1685f3aee548b
310	0	PMD AutoChess Direct Damage Hit Micro Profiler v1.02.18	0310__id_0.rb	13296	7db9f05cfd51e70d70e55e57ca7272f37928ddb4a1568ec9dc7bc83a4f81be90
311	0	PMD AutoChess Direct Damage Hit Micro Profiler v1.02.18	0311__id_0.rb	5822	48671c8d8ad909b833de77c0069707c595b03e3b70997a1c8d349c50e7d4bd50
312	0	PMD AutoChess Direct Damage Hit Micro Profiler v1.02.18	0312__id_0.rb	27740	f31bac57a38b4e541b13c709e78a9db0f9ba6e0d42ba8278852a7402c15456f3
313	0	PMD AutoChess Direct Damage Hit Micro Profiler v1.02.18	0313__id_0.rb	11829	3a101c4377d67679acfd1e234b7da083ca71c6222e0cc2ffedea212f732525f4
314	0	PMD AutoChess Direct Damage Hit Micro Profiler v1.02.18	0314__id_0.rb	15854	0ff56bae5fc6817253f6bf5fabfc043de0da6b4837e6361ab5c4c84eae079b6b
315	0	PMD AutoChess Direct Damage Hit Micro Profiler v1.02.18	0315__id_0.rb	30093	9467bcf260363ca6ae60182efe0eefeb45a24f68b66209f318e5a079eb70d6d4
316	0	PMD AutoChess Direct Damage Hit Micro Profiler v1.02.18	0316__id_0.rb	5046	822133b832728e526911c8cb1c9c5b7f4144e6d6a3b2a499e3fe4fb343300e1c
317	0	PMD AutoChess Direct Damage Hit Micro Profiler v1.02.18	0317__id_0.rb	20284	809e83c4b7e937e385640d1440e6202611d494e0ddf91641dad77b59f6df8419
318	0	PMD AutoChess Direct Damage Hit Micro Profiler v1.02.18	0318__id_0.rb	5027	0b7a3b09375950ef986ee1ca0d24be0a64e5d498966135c645daac1b2d4afe40
319	0	PMD AutoChess Direct Damage Hit Micro Profiler v1.02.18	0319__id_0.rb	6083	fb41af7a57ddfe61c84f56fb6a1c73a9cf29584b3dd4bc71963e1b8243691f14
320	90009001	PMD AutoChess Stage Region Preview Data v0.90	0320__id_90009001.rb	11049	1d21b0bf65b6ddccfedc52ee709960080ae28bb31a2491819e440661cba9e8d8
321	90009002	PMD AutoChess Stage Region Encounter Preview UI v0.90	0321__id_90009002.rb	23450	69f81225fb338522508e3e157f190787d7c1a1182e02cbf11750447c1cfcc246
322	90009101	PMD AutoChess Boss Framework Data v0.91	0322__id_90009101.rb	8437	413877aaced6238e602b8e39411d4f9902466f6b077f3db390b70e2d36c5fc58
323	90009102	PMD AutoChess Boss Framework II Runtime v0.91	0323__id_90009102.rb	24572	b892dcc5d0619c180b6b76b4e9fb4134f032d030bb3871d8a723d29ac016455a
324	99074132	PMD AutoChess Boss Verifier Clock Hotfix v0.91.1	0324__id_99074132.rb	2308	251e18109756b4fa6b206c206f42b49c2c5aabf7df50ddd90a012820d8cfc541
325	99074133	PMD AutoChess Hidden Aggro Reactive Targeting v0.91.2	0325__id_99074133.rb	12178	5b1273b112b559aec35d6c4c6abe72857caab23f46bd9952a086fce59bbc226d
326	99074134	PMD AutoChess Protection Peel Layer v0.91.3	0326__id_99074134.rb	21084	6abe7ffdf42c1f226e5c7a416a1b6ab504f0f97a35a5c60e97c380522543d3a2
327	99074135	PMD AutoChess Tactical Passive Spatial Data v0.91.4	0327__id_99074135.rb	7983	44d27de0207ee17798f98295784eb7077448b611d7e9fc9d6df44e3252b9c830
328	99074136	PMD AutoChess Tactical Passive Spatial Runtime v0.91.4	0328__id_99074136.rb	31964	2aeecb773208bb6569f7d9fa99c3e01a955707dd6eaeb2862dea941aa4eb62aa
329	99074137	PMD AutoChess RPG Map Integration Data v0.92	0329__id_99074137.rb	6103	f8941e37661968ba071272ff5079981042ca0361a901bb94920275158064925b
330	99074138	PMD AutoChess RPG Map Integration Runtime v0.92	0330__id_99074138.rb	19399	07e0f3f04e8d7603c54686b5bf90ada0cc8cd5ab48d2c367b5ca9e5fd8be1f58
331	930000	PMD AutoChess Collection Pokedex Data v0.93	0331__id_930000.rb	3279	f07db189818fd7f7b185b0bd12b7ddac679f8adedbc268e32b4495db9e5b05bd
332	930001	PMD AutoChess Collection Pokedex Runtime UI v0.93	0332__id_930001.rb	27180	fe84e9fe9bbd9f64aa9c12d5a94f947b2029d50c165f3b83c042502865efdcb2
333	931000	PMD AutoChess UI Readability Pokedex Sprite Hotfix v0.93.1	0333__id_931000.rb	19687	9de8c20a40aefe44d5e1a55b170c8a299b7477d264e7c12050e2ade7d2e84296
334	99400001	PMD AutoChess PMD Motion Semantic Expansion v0.94	0334__id_99400001.rb	8187	f109710beee8121ec210bbef9be881853fc2f19f9513bdc746f9ae2dab3c0fa8
335	99400002	PMD AutoChess Loot Item Economy Data v0.94	0335__id_99400002.rb	8924	9c82665191ea9bd9f25eea1547c0d4c9a3cbc6508fb3955ec85b56e9b7cd9f7d
336	99400003	PMD AutoChess Loot Item Economy Runtime v0.94	0336__id_99400003.rb	17407	99b6d90288c74515aaac927e86d953c7d28a2aa9b3a97991c4efc1c9c44bf94a
337	99500001	PMD AutoChess Content Validation Data v0.95	0337__id_99500001.rb	28260	cabdb18933f5d826df167be8a5eb33d4c705e0f97a8db3dfae05911b30c42e0c
338	99500002	PMD AutoChess Content Validation Runtime v0.95	0338__id_99500002.rb	11036	45c8438c5bd22e290d9ec9c0f386b4dbc2607ab5c13fc08e3f82721219aa405f
339	99510001	PMD AutoChess Content Validation Hotfix v0.95.1	0339__id_99510001.rb	10557	d5843504c28783f3852230efd17752b0449f428f97344650973701c82ca28b88
340	99600001	PMD AutoChess Ability Runtime Data v0.96	0340__id_99600001.rb	9297	3f198667040b40704ce82c84b9f106775f7a5825c16989d75e6582676e39cd81
341	99600002	PMD AutoChess Ability Runtime Completion V v0.96	0341__id_99600002.rb	41832	a22e4b494aee0b7b86744525c99087c5451359ff9db376197c6cab7a25c0b651
342	99620001	PMD AutoChess Ability Verifier Isolation Hotfix v0.96.2	0342__id_99620001.rb	6586	99a66988ad3b25c52de44d0d92efa938bcff6c0caef46562adbe83a76e372763
343	99630001	PMD AutoChess Ability Diagnostic Presentation Hotfix v0.96.3	0343__id_99630001.rb	4896	c81040126ed39b2179f934feb368723a86c9a4c8339eb826e4790979d4a29608
344	970001	PMD AutoChess Ability Runtime Data v0.97	0344__id_970001.rb	5300	e9305a803a3eb83f6a453a0a86f372fb2bdd1bb2682aa79937d68e790346f561
345	970002	PMD AutoChess Ability Runtime Completion VI v0.97	0345__id_970002.rb	19600	40044711c47a5f16cd7ed14e77f793bc1eb149ef16dc0f760a40b87ea8339035
346	970101	PMD AutoChess Ability Trap Verifier Slot Hotfix v0.97.1	0346__id_970101.rb	4661	4bcb57f24dbf62b32022e955e9efd391c8a716e2a278941d5bc6dc09a4ac53c8
347	980001	PMD AutoChess Loot Item Production Content Data v0.98	0347__id_980001.rb	8546	4cf904b0c4af9eafe75d95c28e732f81168fcd1a2b1c94db22702746d2cd3d3b
348	980002	PMD AutoChess Loot Item Production Runtime v0.98	0348__id_980002.rb	23671	98e08e65000bd752e528dad5615ff9ac209a9030fa4c85e358e3d69c76132dd9
349	990001	PMD AutoChess Supply Inventory UI Data v0.99	0349__id_990001.rb	5000	e783f12139336ba306ec313adf3bc706fe73e36d0486d9bf2f16dc540a43fe1a
350	990002	PMD AutoChess Supply Inventory UI Runtime v0.99	0350__id_990002.rb	26705	521aa788963add189716fcce9d8a2aa50633b54c4de83f86a6f0a1e3c128d836
351	991001	PMD AutoChess Supply UI Readability Hotfix v0.99.1	0351__id_991001.rb	11264	ffbdd4dde976eced909ddf4b2e7872e7cadc93307438b553d7af9c538e9e02fe
352	992001	PMD AutoChess Team Bond Data v0.99.2	0352__id_992001.rb	26500	69c31009fa83505885b52c8f09e73af21e74a4fcb248a844a47df182a3210381
353	992002	PMD AutoChess Team Bond Runtime v0.99.2	0353__id_992002.rb	40938	2bc0f365272de53661f5c7ab89c566eb2584b2c1915f3b305898e5b2d0568277
354	993001	PMD AutoChess Team Bond Content Expansion v0.99.3	0354__id_993001.rb	37264	d22a8089b21c14dec6f053ff8c9778b75149418705316af49754d121e944630c
355	993002	PMD AutoChess Team Bond Discovery Runtime v0.99.3	0355__id_993002.rb	21461	70c7563996e5fd1466e1897b25fcdc86b023d43a5d667e4b84ea16c2a2b20d94
356	994001	PMD AutoChess Species Production Audit Data v0.99.4	0356__id_994001.rb	5372	fdba0bb5e27d68fc6922bdc2820bfbc8c090f4bdbe9ee3a99909a16a90a204d5
357	994002	PMD AutoChess Species Production Audit Runtime v0.99.4	0357__id_994002.rb	20814	58347a64d5822c7ed051adb42fcd5c35b8e5634a7a89f4fba323c994c2643cd6
358	994101	PMD AutoChess Species Audit Disabled-Form Scope Hotfix v0.99.4.1	0358__id_994101.rb	8433	3967e14e75b038c3ac80ec4b024d7849be655deae468b8b6acc9482981917ed2
359	995001	PMD AutoChess Movepool Acquisition Data v0.99.5	0359__id_995001.rb	371136	f9f208c35cc7c1ff13ba21405fccb7916cb71ab2608a1f60ec55dfd653b248a2
360	995002	PMD AutoChess Movepool Acquisition Runtime v0.99.5	0360__id_995002.rb	28371	e49235be6317f97556cbe08ebc0e7509344ba253a1ef9427e80d5a6fe01ae7b5
361	996001	PMD AutoChess Movepool Production Data v0.99.6	0361__id_996001.rb	17230	8b7d98f20844ba2c0950578eba30011690ff7865f2df4f00e00d079ab0479006
362	996002	PMD AutoChess Movepool Production Runtime v0.99.6	0362__id_996002.rb	27655	9a691e28486c235d2565562825bdfb5fe1d043f0fb0513b59e5028f8df468e54
363	997001	PMD AutoChess Global Tutor Special Data v0.99.7	0363__id_997001.rb	72295	faf4689b30b6e91f1e95ccd9edff2861f24240f8c526c6461528fd084933b26d
364	997002	PMD AutoChess Global Tutor Special Runtime v0.99.7	0364__id_997002.rb	22276	b4a32fed516b55e0cdf5c8d137cd5f981ae501968ee312c898f354420b1e18b0
365	998001	PMD AutoChess Kanto Gameplay Review Data v0.99.8	0365__id_998001.rb	42717	bb0579303b607f93f4089d6b6c2a2c651ffb318c491ac226c914fe90e8cfc645
366	998002	PMD AutoChess Kanto Gameplay Review Runtime v0.99.8	0366__id_998002.rb	27816	cf23b734b836df6c4791485e0792844f24be7921987e3e642638e1285a3d80b0
367	998101	PMD AutoChess Kanto Review Verifier Hotfix v0.99.8.1	0367__id_998101.rb	3023	1c40b9aec9ba9b8566498229e26c822c20cc5d7c6d404a38dc61ae718f9ec849
368	999001	PMD AutoChess Johto Gameplay Review Data v0.99.9	0368__id_999001.rb	31981	f7c05d64644d2e1eb1a2b9bec13920f1b6a61d9ad1fc3d03d1626a3965b604d8
369	999002	PMD AutoChess Johto Gameplay Review Runtime v0.99.9	0369__id_999002.rb	22170	64fd97f8f04a619d7a6ee123ce9fa76f0ac890182e4c073d90b29948ae1735bb
370	9910001	PMD AutoChess Hoenn Gameplay Review Data v0.99.10	0370__id_9910001.rb	42266	ff82f0126a33914d946ec6cdda0721aaf0e9cb179e9b04f3df02e6d1fd984356
371	9910002	PMD AutoChess Hoenn Gameplay Review Runtime v0.99.10	0371__id_9910002.rb	22989	ed8fe061d0bb79da3def445abe648b6be6f914acf673fd61ccab6359074f5b7d
372	9911001	PMD AutoChess Final 494 Gameplay Review Data v0.99.11	0372__id_9911001.rb	33714	13462d8894053bbc87a68d90567f994f484643402fd1e20d6740c92a5f228898
373	9911002	PMD AutoChess Final 494 Gameplay Review Runtime v0.99.11	0373__id_9911002.rb	22420	faaf0a1ecf96a404f08b66fafb7d451a7e7e7e2a4f9f71a13fc2feff8e986d04
374	9912001	PMD AutoChess Basic Spatial Flex Data v0.99.12	0374__id_9912001.rb	15607	4891bbf4516baaf756c1a0fae859ba32a598d590197e8ef633b4c706dda60949
375	9912002	PMD AutoChess Basic Spatial Flex Runtime v0.99.12	0375__id_9912002.rb	33256	3c1666696135408c6a8f7b79987d9b1494ff468bc36ab8e077dffc55fcd8c170
376	9912011	PMD AutoChess Basic Spatial Flex Verifier Fix v0.99.12.1	0376__id_9912011.rb	6213	fb3d98859f6cb1d8e03e7253eab30167bb854d4d10333408ce01dec4a271a30a
377	9913001	PMD AutoChess Dynamic Tactical Role Data v0.99.13	0377__id_9913001.rb	18874	5b889add621c94055055173423a46ed1c15c6b3b546fe4e2177950f02dfecef7
378	9913002	PMD AutoChess Dynamic Tactical Role Runtime v0.99.13	0378__id_9913002.rb	29826	192ebe409378919e13025d233b99f07937c3e3644ef6e8356aafd9863e453ee3
379	9914001	PMD AutoChess Spatial Framework Expansion Data v0.99.14	0379__id_9914001.rb	7894	7847cd97b20b0287220197dfa88c2b015480e9b667760ed5c0d0e83618686784
380	9914002	PMD AutoChess Spatial Framework Expansion Runtime v0.99.14.1	0380__id_9914002.rb	29536	288539ca0925c2e19f92e680086b4e9595c26731698209bf4c8c8797d2f2a346
381	9914021	PMD AutoChess Attack Cadence Recovery v0.99.14.2	0381__id_9914021.rb	15345	06a0e1f160316f013153621534ce835a24d0582c64cc22cb53cd92716c97fba5
382	9914031	PMD AutoChess Attack Cadence Verifier Fix v0.99.14.3	0382__id_9914031.rb	8110	419ae95fb739ee859a7c20115ba5c06721f23466f72dc6eb50918db4ab9c080a
383	9915001	PMD AutoChess Spatial Conditions AI Rules Data v0.99.15	0383__id_9915001.rb	9592	e64b006a1023d906041d3be6b9803112d36b90c2e7cd097724f856abdd809974
384	9915002	PMD AutoChess Spatial Conditions AI Rules Runtime v0.99.15	0384__id_9915002.rb	30710	af0ebbf6bf8c4074539a0bd1b4a1018c98815044f971415e98c3b972ea3d2508
385	9916001	PMD AutoChess Nature AI Temperament Data v0.99.16	0385__id_9916001.rb	13665	e69ab6c29f857a674223ba9766aec1dc2862df3b5644c1f43976298599150b89
386	9916002	PMD AutoChess Nature AI Temperament Runtime v0.99.16	0386__id_9916002.rb	24154	b615a5a01f69dae6a393a980a8b30944025dfbabf8b2167ae7592e41fae18592
387	1000001	PMD AutoChess RPG Foundation Data v1.00	0387__id_1000001.rb	6610	e4451029805c13a09c45cb946bc031152205a96c10c272b8fc53f3cdfb2fc89d
388	1000002	PMD AutoChess RPG Foundation Runtime v1.00	0388__id_1000002.rb	29192	d062b09ec4def3c0ff9a988f28fe9349955207177a8b8fdba684f7719e126b82
389	1000011	PMD AutoChess RPG Foundation Hub Render Fix v1.00.1	0389__id_1000011.rb	5712	9066162967dbb2feb184e7f08a772c5014a2b4f4430864d7540ea3bb5a38786e
390	1000021	PMD AutoChess RPG Foundation Hub Color Nil-Compare Fix v1.00.2	0390__id_1000021.rb	5618	e6c425c9071f0a85528a282f500c0e2cf91f7891ba525a4e0d4516a95e8ef9c9
391	1000031	PMD AutoChess RPG Foundation Hub Lifecycle Fix v1.00.3	0391__id_1000031.rb	10123	ccc4b3a91c7458c0d90e1e389af0eb92cfeba7b7a5f2674819f1247412dc31de
392	1000041	PMD AutoChess RPG Foundation Standalone Tool Scenes v1.00.4	0392__id_1000041.rb	20803	aaa29fa55a1313e6369d6c00413091af21dc1a72a65ec23dee236498eb212dd2
393	1000051	PMD AutoChess RPG Foundation Dex Startup Performance v1.00.5	0393__id_1000051.rb	17742	b1537f66e4b9f430b101d1fe0c6ef9451c8f4a159d25df6edf6505aed836bcd1
394	1000061	PMD AutoChess Current-Test LOG Startup Fast Path v1.00.6	0394__id_1000061.rb	13413	6ddbe8da69ab0d996bde339219e907922f77b2b1206728380095083ac0f28aee
395	1000071	PMD AutoChess Loading Overlay v1.00.7	0395__id_1000071.rb	15688	ccfedeca9e9c6183709d2af783ba1c578063499808aa701b2bc375f7a6cdbe7f
396	1000081	PMD AutoChess Startup Cooperative Loader Cache v1.00.8	0396__id_1000081.rb	24514	a7f42910380a87a386d36ff5370223aa70bda758a00dfcced3a0f8f772bad7ea
397	1010001	PMD AutoChess Map NPC Story Vertical Slice v1.01	0397__id_1010001.rb	32552	8c9130a34708585fa5535c288ca28ffad6d8c5e1b913e22e0c1c4315579eac75
398	1010011	PMD AutoChess Map Terrain Compatibility Hotfix v1.01.1	0398__id_1010011.rb	7605	b2d74b8a503c4ba381c1c128ccc900fdc6d726b9a24100e898f0505a5d5f67cc
399	1010021	PMD AutoChess Map Story Runtime Acceptance Minimal LOG v1.01.2	0399__id_1010021.rb	9849	9c0d22a1d60928c9c9c832285cd7187b06716c7c2dcb7c75e3415ad8d07de669
400	1010031	PMD AutoChess Adaptive Close Dead-Zone Fix v1.01.3	0400__id_1010031.rb	13424	5fb136b0e49add81a52ce20092eda1cb66e4acb158cd5b6c7e96d14b7424a1ec
401	1010041	PMD AutoChess Vertical Slice Boss Story Balance v1.01.4	0401__id_1010041.rb	9371	af0df5212eb5aeb4df35164d79dbd27c0eb191dd11256d5951e431a115976278
402	1010051	PMD AutoChess First Story Boss Accessibility v1.01.5	0402__id_1010051.rb	8743	a6c6a3f2e2186a62885fc1ecd63f974970eabc8526b476c46cffa7af693e8939
403	1010061	PMD AutoChess First Story Boss Final Calibration v1.01.6	0403__id_1010061.rb	7474	bbfc06b28100075c00507bb833c30a688feaff1da4e6e77c48dccad36f959241
404	1010071	PMD AutoChess Story Progression Recruit Separation v1.01.7	0404__id_1010071.rb	10028	5ee0ae3289b71dcb9125d537b03e5dc2de25885ee9a6f683297528f1ad2da6a9
405	1010081	PMD AutoChess Vertical Slice Verification Finalization v1.01.8	0405__id_1010081.rb	7216	a9c9b7737d57ffa42aa983eb5ed1a255103aba69b6ed3e070534a3430684f749
406	1020001	PMD AutoChess Motion Framework Phase A v1.02	0406__id_1020001.rb	41826	a87a90429c1cd8b66d636d244d8cd2d8e1c4cb88a674f2bcd7ba8fdd53c7ac7b
407	1020101	PMD AutoChess Battle Render Prime v1.02.10	0407__id_1020101.rb	8285	5d2e4cf67f36834c3e8d47c0f47fbaea0166a6845a8585dc378323748513efe1
408	1020022	PMD AutoChess Motion Runtime Cache Stutter Fix v1.02.2	0408__id_1020022.rb	18204	74e79c8592a12406ce7861a39b6aab63d5efda945cf044c05064bcd27eec3d14
409	1020031	PMD AutoChess Motion Frame Spike Profiler v1.02.3	0409__id_1020031.rb	14581	7056f7e609394186dc6198b9133abd736ec50f5f027b90c91777a5f04964a2f5
410	1020041	PMD AutoChess Motion Live Battle Stutter Fix v1.02.4	0410__id_1020041.rb	19009	10a7b0a8eb070325434fdc6e7ad3a00c3c03baacebb7037d7e09d3af9c320930
411	1020051	PMD AutoChess Motion Opening Heap Settle v1.02.5	0411__id_1020051.rb	13504	bb8deb1ab7b5399d1a4f75002b2eacc215551dc5525379edfef7fbeea16393ac
412	1020061	PMD AutoChess Motion Verify Fast Path v1.02.6	0412__id_1020061.rb	11007	386772bfdf6b85ba24f5e4bbd1432056feb7706e1d37dff8bfafe50a4cfd5ddd
413	1020071	PMD AutoChess Motion Deep Frame Profiler v1.02.7	0413__id_1020071.rb	15749	7349ba776dddb7e7fa2bc36994718abd9cb4b06e97be5748a045c04111126e02
414	1020081	PMD AutoChess Motion Transition Warmup UI Fast Path v1.02.8	0414__id_1020081.rb	16616	b86086d6a207601b275a27fb5a471cadab08215094daa78450a86e223232142c
415	1020091	PMD AutoChess Battle Resource Loading Gate v1.02.9	0415__id_1020091.rb	19637	ecc4228feb93c21e75274b3f9ce56b92f0e8db363aa7514b3bcd8d468152ec22
416	1020101	PMD AutoChess Battle Render Prime v1.02.10	0416__id_1020101.rb	12295	3372985b7e65e5a83aa7bcaf1b41eda6ff103480e349c97653fdae7f0d3cb8b4
417	1020111	PMD AutoChess Motion Live GC Guard v1.02.11	0417__id_1020111.rb	8058	e4098f08c58c415cc51dd76be54183e190570b897dac0560df9f381303817425
418	1020121	PMD AutoChess Visible Baseline Preload v1.02.12	0418__id_1020121.rb	11788	b2750eefcc6b2a2a87528047b246c7109153384611e40939a1ad972cb4a98fac
419	1020130	PMD AutoChess Runtime Residual Prewarm v1.02.13	0419__id_1020130.rb	22892	5acc6439f22bcae65ccbb1e8d03296b592e912e69c061df610b70b3e477f47ed
420	1020140	PMD AutoChess Projectile Spawn Shared Frame v1.02.14	0420__id_1020140.rb	11326	740a8f850cf698faabbb373b21d82f19f6459acaa6876db502c5c357b7e4e72c
421	1020150	PMD AutoChess Projectile Launch Micro Profiler v1.02.15	0421__id_1020150.rb	15164	82db8a5f52eae345161ff71028a388b0cbf319ad3b467c4f7df8086d6a6898b0
422	1020160	PMD AutoChess Target Anchor Bounds Preload v1.02.16	0422__id_1020160.rb	12232	b1f7cd039e5ef8d4a911230b3a659726cd271940134dc72a9f22073d7b55be21
423	1020170	PMD AutoChess Status Micro Profiler v1.02.17	0423__id_1020170.rb	13187	4f415131679719d7397d0a28ec9788d7c27610658eef13abf1f26ad28e9c4618
424	0	PMD AutoChess Direct Damage Hit Micro Profiler v1.02.18	0424__id_0.rb	19695	fb97e5013f1fe733da6e4fcf2ffde88e8ba74ab93b63e3382cb7c9ae324e45a0
425	1020190	PMD AutoChess Movement Micro Profiler v1.02.19	0425__id_1020190.rb	14889	0e32b5663e85ca0a85d3d19ccf8022314e7dc36eb1ff6ca25b60fadaaf41fda0
426	1020200	PMD AutoChess Move Speed Status Allocation-Free v1.02.20	0426__id_1020200.rb	13219	8ab6ffa1def9b903260827ec266ce988ce8ccd268d6640828942d1ff843fa63b
427	1020210	PMD AutoChess Basic Flex Profile Memo v1.02.21	0427__id_1020210.rb	11083	a1a370468e5255f884c4663ac5bf75175b459be508a16bb82b82d366c188c0b1
428	1020220	PMD AutoChess Performance Seal Lean Runtime v1.02.22	0428__id_1020220.rb	17178	ccd1c31c56043bd17a5431806442d356a7e013d2027d5ee8948102fb15aa1823
429	99630002	PMD AutoChess Visible Foot Baseline Sprite Memo v1.02.23	0429__id_99630002.rb	10587	c6ab04ecf93812a5d39e5d8090b2df3db2995e899f8356755af06d4816de72c1
430	1020240	PMD AutoChess Sprite Targeted Profiler v1.02.24	0430__id_1020240.rb	11990	5a79a77d067eca5a178d9414aea851866116d6bcfb823743456ca42ea60874e9
431	1020250	PMD AutoChess Sprite Outer Boundary Probe v1.02.25	0431__id_1020250.rb	9328	716102e4df43f0df358a2090e2724dd41aa6c9f1523543a2f690ebe4852649b4
432	1020260	PMD AutoChess Runtime GC Boundary A/B v1.02.26	0432__id_1020260.rb	10785	df11ece85bab4ed4085799c67749e7776399a7d1d1e3e46ff107d6d6f28c5233
433	1020270	PMD AutoChess Scene Runtime Boundary Profiler v1.02.27	0433__id_1020270.rb	11572	71db3369ded5335554372cb440eea0f27ee7e77312dfc7a45a9eb3d92ff5ac0e
434	1020280	PMD AutoChess Production Live-Battle GC Guard v1.02.28	0434__id_1020280.rb	15524	7fd3b1e72066a08aee6ab405df7f5d71a50b47e1a1dc4e62f57313cb5a79579c
435	1020290	PMD AutoChess Hitch Attribution / Performance Seal v1.02.29	0435__id_1020290.rb	12173	3383382d69d1547c9f46fe9be53a9e40b853c3bbef8595d50344ff2065efa5f5
436	1020300	PMD AutoChess Persistent Geometry Cache v1.02.30	0436__id_1020300.rb	17001	ca93db1738d233a10e0e27d492b19bbacc1284ab77d331d9318f20bab5706bca
437	1020310	PMD AutoChess Geometry Cache Runtime Parity v1.02.31	0437__id_1020310.rb	8814	eef9698266b32f22f50fd20aa39dfdc8ed3d40ce9a78bc398af8235ebb05afab
438	1020320	PMD AutoChess Geometry Cache Effective Coverage v1.02.32	0438__id_1020320.rb	13710	65c9c48f0b3b6a5842a48442519fc32b6d6cd3908c11aa40ad12913eca110f7a
439	1020330	PMD AutoChess Loading UI Refresh Throttle v1.02.33	0439__id_1020330.rb	9788	4fb87d0f9fe8bbf0dceb948fe5bb646d22bdf9a8766a0ef322bd595ea4c00d7f
440	1020340	PMD AutoChess Production Motion Loading Rollout v1.02.34	0440__id_1020340.rb	6874	bfe2705e939f1d96479e270dc9188562d99925f43118fdebd6f68b85aa0ab45e
441	1020350	PMD AutoChess Production Path Acceptance Probe v1.02.35	0441__id_1020350.rb	7300	e144250108350a0fb94a537afc42aa5146ecbea6d4b7dab59e665524697d9a3c
442	1020360	PMD AutoChess Verification Mode Access Production Loading Scope Fix v1.02.36	0442__id_1020360.rb	8868	36f71309680f9f36e9fa7e342e43ea5a75601c94edf27635018901bf26699439
443	1020370	PMD AutoChess NORMAL Mode Final Ring v1.02.37	0443__id_1020370.rb	6539	116d768fdd2d2aaf00d9cbe343206628035fb81e4629f7f94d01bb696c8dd835
444	1020380	PMD AutoChess Mode Ring Cleanup v1.02.38	0444__id_1020380.rb	6308	d85ff4fcc8256e57ea1d8ae1ce82ddeccfa1574208fd3475215321bef64beb42
445	1020390	PMD AutoChess Production Path Seal / NORMAL LOG Visibility Fix v1.02.39	0445__id_1020390.rb	8814	df6a4622f99d3f7ec27dbd3cd9283f32001c118f623e39ab578fe6bb4c5a1580
446	1030000	PMD AutoChess Motion Framework Phase B - Contact Chain Batch A v1.03.0	0446__id_1030000.rb	35794	26aeae0b2a5ffac7122acd794edd40ce12c9463cf3960c799e0297109c4715dd
447	1030010	PMD AutoChess Motion Phase B - Anticipation Snap Polish v1.03.1	0447__id_1030010.rb	7725	0324368642cec9b86b0f1bcf57cbcbee7688e14365b02b75e692059620292f24
448	1030020	PMD AutoChess Battle Ambient Isolation v1.03.2	0448__id_1030020.rb	5762	3093999b992a5aaa34cd1f3101f78e00acc6109c79c78c40cbc7de88773852d3
449	1030030	PMD AutoChess Deploy Idle Loop Restore v1.03.3	0449__id_1030030.rb	9112	03a22a9cb126b0a018e0264fb984e1f26dcc996f4e871a1eba5191ff8c36d676
450	1030040	PMD AutoChess Deploy Rich LOOP Presentation Polish v1.03.4	0450__id_1030040.rb	9144	d639c08814aeee4ce8b4ea3c6d71a2310033f75f847c5a10efd90a740b325e68
451	1030050	PMD AutoChess Deploy 45 Rich LOOP Rework v1.03.5	0451__id_1030050.rb	15283	066b3834e22d7566ef6944d6fb07a190f6efa470c9796fcd8e95d1e700c86a0d
452	1030060	PMD AutoChess Motion Phase B Batch B Result Semantics + Deploy Native Fix v1.03.6	0452__id_1030060.rb	27774	10613dc2c0c1f8c517147a7da8739a300cc4337fdb47f665caeb36115a0165b2
453	1030070	PMD AutoChess Motion Phase B Batch C Multi-hit + Deploy 45 Idle v1.03.7	0453__id_1030070.rb	21448	6f0952f08daa0c8d1453ab0abef156f4ca2097bea98c4b31d330fbb40ca01719
454	1030080	PMD AutoChess Motion Phase B Remote Motion + Deploy 45 No-Hop v1.03.8	0454__id_1030080.rb	36577	8a2daed1b880e607b3d766ec0312fe3405d02141aac1918a0634ddeefabd1ca4
455	1030090	PMD AutoChess Motion Species QA 0001-0026 / Personality Pass I v1.03.9	0455__id_1030090.rb	20115	d5f5cce4d07a0d498f61edbe173d0f34cb1e9634fc4e5c4e28f8c88f67d7e709
456	1030100	PMD AutoChess Motion Species QA II 0001-0026 v1.03.10	0456__id_1030100.rb	22341	092ef7edc7946ba366e3a72d1dfacf6c01bbac38b4683997b8132a3d99ebdb56
457	1030110	PMD AutoChess Motion Deploy Visible-Foot Anchor Fix v1.03.11	0457__id_1030110.rb	11156	0ee19ac6da92d54653a66748e9300379d0c06886c96faed20cd0df6b3ef7b6b5
458	1030120	PMD AutoChess Motion Verifier Contract Sync v1.03.12	0458__id_1030120.rb	7798	1a49f43b9b2b8a58dab55df018d4035b264315962b9625dd9026a663f3d3717d
459	1030130	PMD AutoChess Motion Verifier Route Prewarm v1.03.13	0459__id_1030130.rb	12748	d841603efdd1e6831ea5559ce04e468260a498ab70e4a2e5d59423a27ac95005
460	1030140	PMD AutoChess Skill Type Banner UI v1.03.14	0460__id_1030140.rb	8707	3c6df2fe96962f1c9e53b33438ce7acafbf8a8df360139432eb03706a147db51
461	1030150	PMD AutoChess Skill Type Banner Compact + Max Spike Forensic v1.03.15	0461__id_1030150.rb	7591	98c2ced23cded6aee3e03ec9d7d4cba5ef07534a217b76380ac4be45f3e7b713
462	1030160	PMD AutoChess Skill Banner Microsoft JhengHei v1.03.16	0462__id_1030160.rb	2874	1b4a84ef0253ff888befb91a836061e534bd8f775aedf25c3d7002e1d5790fb8
463	1040000	PMD AutoChess Motion Generated Profiles 0027-0494 v1.04.0	0463__id_1040000.rb	119746	63bce7cbebbdac411558bdf8f2b0cc246decc1e2d017321e47233ec2ef62aaa8
464	1040010	PMD AutoChess Skill Banner UI Font Render Cache v1.04.1	0464__id_1040010.rb	8165	7518a1eca5d47cfff0235caf8aca294ec7133031763cdc018723dbaaee3f9a17
465	1040020	PMD AutoChess Motion Generated Manual QA Group Tuning v1.04.1	0465__id_1040020.rb	19367	beb9e16f3f5eec9e4574849e4afb4a123ac89adfda81a32a84d2e7e1c5bb21b0
466	1042010	PMD AutoChess UI Readability Banner PreRender v1.04.2	0466__id_1042010.rb	15176	5f5252e76c53175f493b32fc176969b2f8caa62a7888aa81a1c8042b35c60f0c
467	1042020	PMD AutoChess Motion Personality Type Tuning Runtime QA v1.04.2	0467__id_1042020.rb	19526	ee8c68eca617a948e28f873c52b169a902bf8058eb0514b0b09c231287b307be
468	1043010	PMD AutoChess UI Readability Explicit Battle Bars v1.04.3	0468__id_1043010.rb	10376	d077d23885cfbf9ea790fe49be5fe53f4a97cb344cd19c8b3f5f6d60a634c7ff
469	1043020	PMD AutoChess Motion Visual Tuning Batch III Representative QA v1.04.3	0469__id_1043020.rb	20399	c1499111835f17249ff4200887d2e18695c46c417d04111e996b434ccbca5b57
470	1044010	PMD AutoChess Motion Visual Tuning Batch IV Semantic Quality QA v1.04.4	0470__id_1044010.rb	16602	cc28e7469cb1ea09a39d4d2f971274b5ef89f07a18c528c3f40c4efd26f8e452
471	1044020	PMD AutoChess Hurt Faint Narrow Profiler v1.04.4	0471__id_1044020.rb	11071	20540ac5a3b612de578e545b159fce5ecd1191749cd46a0ba7e81c7fb1babba1
472	1045010	PMD AutoChess Motion Visual Tuning Batch V Evolution Identity v1.04.5	0472__id_1045010.rb	14879	5964578fe86aa55c960e3fe3361c4df1aec7bd0fcfcea7e6b1bc4516cd17fe1b
473	1045020	PMD AutoChess Hurt Faint Profiler Retire v1.04.5	0473__id_1045020.rb	3588	babc082745e6c251d447331a165728a5757a99bea5101607d13681d067b614cc
474	1046010	PMD AutoChess Motion Visual Tuning Batch VI Fallback Rescue v1.04.6	0474__id_1046010.rb	11688	5075c6fae456246ebc2b66345d1a9accf1b3ed72e49c4c94a39920739643e95a
475	1046020	PMD AutoChess Skill Banner Lifetime v1.04.6	0475__id_1046020.rb	4385	40ee290aae104d7cb54285d8ca096cfc2c3bfd1718d00c7f6d9f2968e8ede000
476	1047010	PMD AutoChess Zone Bitmap Cache Performance Fix v1.04.7	0476__id_1047010.rb	11691	7a45195e0c3a527364482f0f7907a5406936b542246c2fe6f07425dae0ff7238
477	1048010	PMD AutoChess Skill Faint Event Forensic v1.04.8	0477__id_1048010.rb	14366	8ae192a5d5f1ffbd63e697ac18969558c8a9cbf7ea6ac5b5c92a2735728d1c2d
478	1049010	PMD AutoChess Presentation Profile Memo Performance Fix v1.04.9	0478__id_1049010.rb	11785	ad4f0bf65f0b6389072383b0a1e440b4bfc5346f7f01252c3a263a6b2d639e62
479	1050010	PMD AutoChess Motion Visual Tuning Batch VII Signature Priority Rescue v1.04.10	0479__id_1050010.rb	18889	6900a6dfd3df9f21701495d6096ef282c4b813bb1eba1bfec11019254e946ad3
480	1051010	PMD AutoChess Result Semantics Verifier Isolation v1.04.11	0480__id_1051010.rb	6131	c9b901c5a135c477ccfeb2fc7d12b152236557606fb5946024a34ff3ba5771bd
481	1052010	PMD AutoChess Motion Visual Tuning Batch VIII Spin Sound Remote v1.04.12	0481__id_1052010.rb	18470	3f26c570a7e6a0a1948fc2fe9a7e81d7c00c8ff02e6d60e1fed5b4e12fc49874
482	1053010	PMD AutoChess Motion Visual Tuning Batch IX Rare Native Identity v1.04.13	0482__id_1053010.rb	19121	9411437fd4e9963ff6fa970617a9f324af02a8594c40b03d71e5d6166ee17372
483	1054010	PMD AutoChess Batch IX Windows Visual Acceptance Harness v1.04.14	0483__id_1054010.rb	19083	0dedd24f467941b8f68080b8641ed293ca27278da142d6e50320d3496fe37be4
484	1054015	PMD AutoChess Batch IX Visual Harness Mode Key Auto Start Fix v1.04.15	0484__id_1054015.rb	5398	480b79e7ab44456cc04c76f437bb75a9f32eddfd9cc5abbf9fbc6ffafc9d9764
485	1054017	PMD AutoChess Batch IX Visual Harness Performance Isolation Load Fix v1.04.17	0485__id_1054017.rb	2623	bba320671e433ed3b23dd299ea5b3f0b46cd7eaad568a9c1a88ee2a184587948
486	1054016	PMD AutoChess Batch IX Visual Harness Performance Isolation v1.04.16	0486__id_1054016.rb	6444	cd56d195ec8d94cc3665f39103fc9f71560e35c16cf569d6dc7b08b5cc8c0a45
487	1055030	PMD AutoChess Original Pace Restore Clarity Probe v1.05.3	0487__id_1055030.rb	10067	412cddb0dc998157abf62b521d6707f27154f0d6984eae664e8f60f0ea1f1307
488	1055040	PMD AutoChess Skill Focus Cue I v1.05.4	0488__id_1055040.rb	17418	1816d7496ea8c8ce266a2b1c2761fc08287990a20e1ee1d1fc256810d3795a09
489	99630003	PMD AutoChess Focus Cast Cue I v1.05.5	0489__id_99630003.rb	28270	a8aef20cc151bb3adfcc6d8b9cc610716a444cc6f86c692fd8690e763d01ca92
490	99630004	PMD AutoChess Focus Cast Burst Queue v1.05.6	0490__id_99630004.rb	19208	201f5a715ad2b7d7b23c10a4d191e49c0c081ae042ed0dc702665c558495dd6d
491	99630005	PMD AutoChess Focus Cast Readability + Queue Guard v1.05.7	0491__id_99630005.rb	14764	43e6cae668cf95d582e19e42c25e00ab12c1cafb31db954cb24dab68f4790b9f
492	99630006	PMD AutoChess Focus Cast Action Lane v1.05.8	0492__id_99630006.rb	33148	0c089d63d5562ea3eecbda1097f640972f991a691a49ef6e8e484828332ee644
493	99630007	PMD AutoChess Focus Cast Z-Order Authority v1.05.9	0493__id_99630007.rb	3730	1af829d4ac15f0a35e6f857651607fdd3e121d341a64867bd9b06b172c9d70f1
494	99630008	PMD AutoChess Target Mark Shadow Fade v1.05.10	0494__id_99630008.rb	4243	d97ee92af4593ea3652a2fa84b5cc882972d4a6370024cf23082a26378cc77fc
495	99630009	PMD AutoChess Result Feedback Semantics I v1.05.11	0495__id_99630009.rb	14495	7ce0ec3ea9c64597a223688f056197e51299bc0aa94477e198ef20baab617ae1
496	99630010	PMD AutoChess Result Feedback Semantics II v1.05.12	0496__id_99630010.rb	22737	b4f4fbe4211b9cac69f86e2dd7333312ad00c26c931ab7aec47e16f807406a9c
497	99630011	PMD AutoChess Result Impact Hold Stat FX v1.05.13	0497__id_99630011.rb	17616	e3256337d11b363480db3d1337a040668960eebbf161f4356657a5e37be1a0fd
498	99630012	PMD AutoChess Orbit Stat FX Focus Override Hooks v1.05.14	0498__id_99630012.rb	10662	aef7acb3b45961f85d2a9116b84c376287194030830bdb33bb51eab814395882
499	99630013	PMD AutoChess Important Boss Focus Overrides I v1.05.15	0499__id_99630013.rb	9867	526f9c7dc0ea55807bf1c0eabf1d587572e21c328bb265a248ea1534c24b1016
500	99630014	PMD AutoChess Status Result Completion Authority v1.05.18	0500__id_99630014.rb	13823	3979a5bbbcc7ae03e927f6c279198db8fc1e5bfed5965c979ae1e3176809043a
501	99630015	PMD AutoChess Important Boss Focus Fixture I v1.05.19	0501__id_99630015.rb	8987	6fe292454b875590110f09ec7a4725ce50d3a5e3f85b9e3a025c71146e96fa4c
502	99630014	PMD AutoChess Status Result Completion Authority v1.05.18	0502__id_99630014.rb	12206	14c59bc23c5551c427026a22b006228dd18f40606b901beb3ef2e7c8ddffa9c8
503	99630015	PMD AutoChess Important Boss Focus Fixture I v1.05.19	0503__id_99630015.rb	13865	e30a257aa5fe424332e5d07a77e9848213f8113d992d74053826983b8e4695cb
504	99630016	PMD AutoChess Status Minimal Focus Important Boss Content II v1.05.20	0504__id_99630016.rb	16497	0c38a77ab62cbaccf11ff5da64a5a84d73ba24ca2f4c13f9bce452041d1016df
505	99630017	PMD AutoChess Status Native Motion Seal Focus Content III v1.05.21	0505__id_99630017.rb	19394	34277f8dc6770fe1ccdb0d6e06b3786f5eb05d6adb67ce357df272e0cc34ad5b
506	99630018	PMD AutoChess Focus Carryover Basic Attack Spark Important Library II v1.05.22	0506__id_99630018.rb	27947	5f3a229784abeab589ce28426014368caf4d34fa99be156526c10e7497d2502e
507	99630019	PMD AutoChess Character Resource Guard v1.05.22a	0507__id_99630019.rb	4964	42fb11b06ff4e247dc4610bb8caa47d1bac4a21e92b77e4a1f24e452d834eb96
508	99630020	PMD AutoChess Status Impact Allowlist Basic Attack Target Spark Important Library III v1.05.23	0508__id_99630020.rb	15001	226801dbefda6d382a5ff35c124512eeaf8a9e91949fa7374ffd1c9dd877cb60
509	99630021	PMD AutoChess Basic Attack Readability Authority v1.05.24	0509__id_99630021.rb	13168	15fe329c95662a902d48c4fcfcea37a4bcfa035098e9449a787f625c1c9f5e6a
510	99630022	PMD AutoChess Focus Fatigue Important Library IV Boss Archetype I v1.05.25	0510__id_99630022.rb	19902	0ad9ab1c5af5fd5a8eb6263e59614899cd0f43c9108ed09257dbc21942e98740
511	99630023	PMD AutoChess Runtime Asset Admission Focus Policy v1.05.26	0511__id_99630023.rb	11368	97d2fb1db69486b5791061cc60c595a91b724391de37b2e6d683848ad0cfb2c8
512	99630024	PMD AutoChess Representative Runtime QA Admission Gate I v1.05.27	0512__id_99630024.rb	8188	c55f7d21215455326c1667bb152b4d3b4de40cab8e4ca6ad7ef48e2c3f66edeb
513	99630025	PMD AutoChess Representative Runtime Route QA Group Tuning Audit v1.05.28	0513__id_99630025.rb	17000	8ed953e52ce6833e7caaf6d7a18c321b529dd7113d3f7206edb2defce06674a3
514	99630026	PMD AutoChess Representative Group Tuning I v1.05.29	0514__id_99630026.rb	14311	5d7f7fa11dee331b0ec5f5f06d2ef81577951823fdb5ea32776ba3f44ce1e346
515	99630027	PMD AutoChess Representative Group Tuning II v1.05.30	0515__id_99630027.rb	14029	f992c1b979eca16933c635b13435be2779de3241bad82d443e521f0cc44aa782
516	99630028	PMD AutoChess Representative Group Tuning III Legacy Verifier Seal v1.05.31	0516__id_99630028.rb	17531	64677ec1e87ca436be0163104275d89c2861bf6b0dc77f76dd817631fd64da07
517	99630029	PMD AutoChess Representative Group Tuning IV Legacy Verifier Seal v1.05.32	0517__id_99630029.rb	16520	6534739791d4f856c8b22d0472c5a49611b171b17f548459afe5d682c81b4807
518	99630030	PMD AutoChess Representative Group Tuning V Candidate Exhaustion Gate v1.05.33	0518__id_99630030.rb	17589	e8ff6d0e078a44ddf0fbeca3176d5ff9fa77579d10e581adeb82d4c33b0401b6
519	99630031	PMD AutoChess Representative Visual Fixture I v1.05.34	0519__id_99630031.rb	31335	be0335a288e87f4a5086f00eaa2b8c395b1c17dbfba2e93e984ede49ca53114e
520	99630032	PMD AutoChess Representative Visual Scale Parity + Findings v1.05.35	0520__id_99630032.rb	13493	8809f0cf60b96928a14d5c670957e4383e982035f89c317db0d86e990aabc96d
521	99630033	PMD AutoChess Sandshrew Head-Only Guard + Focused Visual Review v1.05.36	0521__id_99630033.rb	23544	17c84471604c8261d0e20a760787296ee07a4f09dfb3c2597e1f2857b19fd312
522	99630034	PMD AutoChess Representative Transition Continuity Fixture I v1.05.37	0522__id_99630034.rb	33388	89a9157813b3a8fee14924405af8483c8620d34cb0c265f4ccfa7b9911afcd9a
523	99630035	PMD AutoChess Transition Audit Incremental + Important Species Manual QA I v1.05.38	0523__id_99630035.rb	39667	da4cb2c44f58d2274a851fac2233208185951f6f0334838eb243648ecffbb8ab
524	99630036	PMD AutoChess QA Preview Z-Order Visibility Seal v1.05.39	0524__id_99630036.rb	11402	7a7998a78d4ded56de5911794ae58744910ba4aa2b4e18f32dbc19b6775ecdc7
525	99630037	PMD AutoChess Generated Runtime Asset Expansion I + Visual Acceptance Persistence Gate v1.05.40	0525__id_99630037.rb	12629	75c7deb8919876a3c3a2d570c0d9de119a632e271c629dc4ac7ab6b065c9f4e7
526	99630038	PMD AutoChess Move-Family Presentation Audit I v1.05.41	0526__id_99630038.rb	28662	63152866db787134c560b77e2771e7f8bc91c21457ea98bc14bd99ea0b7cfb41
527	99630039	PMD AutoChess Focus Tail Ownership Handoff v1.05.42	0527__id_99630039.rb	11217	0f6d682e1a0fe0dab91c81c8a478cd8fe03e67e35d2fc1baf686d1e711a470ab
528	99630040	PMD AutoChess Compound Focus Tail Convergence v1.05.43	0528__id_99630040.rb	8636	386737f1cefd610289fe9cf2281cb7b9eb00ec2cbecda89ce268825f8d09385a
529	99630041	PMD AutoChess Important Family Exception + Single Delegation Seal v1.05.44	0529__id_99630041.rb	17869	e68a37ffc913f479364aaad354407c7cd657b7a25bd57a2a88437382b56c1930
530	99630042	PMD AutoChess C2 Completion Boundary Seal v1.05.45	0530__id_99630042.rb	17128	cab0fc36dd5c4f9c695e4cec72d8c627dbecb8bdaad861e0cc0108ae5aa6726c
531	99630043	PMD AutoChess Phase D Progression Authority Audit I v1.05.46	0531__id_99630043.rb	14118	1ee60d1d7b6cc0d4ef625708d947b85fe43a2bfe146fe3f3e1153db1c6768e7c
532	99630044	PMD AutoChess Additional Spawn Materialization v1.05.47	0532__id_99630044.rb	8809	3016691a27cdf74e804d6650d95e74864f8c597d64751950523dc579752d18d3
533	99630045	PMD AutoChess C2 Windows Evidence Reconciliation v1.05.48	0533__id_99630045.rb	13742	49f37350c0729c08ee6f19ef33d1afaacd39309fa2b3de2846aaf3594ce8cd99
534	99630046	PMD AutoChess Team Composition Authority v1.05.49	0534__id_99630046.rb	12090	8e91f0b872554dbcb77a488705dd3668b646352eb39311ef59384895c1e9fb34
535	99630047	PMD AutoChess Team Composition Preview v1.05.50	0535__id_99630047.rb	5802	31c3499995e2a4900d16b5874d172e5b4df00e9b20850cb4db132ae5f225d664
536	99630048	PMD AutoChess Encounter Role Coverage Audit v1.05.51	0536__id_99630048.rb	8676	363822610d2b08b5eef68116dff7b8ecbd2f272d126a22e59caf8436b208e5bc
537	99630049	PMD AutoChess C2 Hard Boundary Visual Reconciliation v1.05.52	0537__id_99630049.rb	3505	e5c3fe65ddce804bf40a688534b76db056943852f17dd9e9aa25ee90c6ac472f
538	99630050	PMD AutoChess Phase D-IV Collection Challenge Authority v1.05.53	0538__id_99630050.rb	212102	c077648ea0ce35e77e1b2f0509e33d703b4dc59fa9d9de48ad5547e93896b0e9
539	99630051	PMD AutoChess Phase D-IV Early 2+2 Prototype v1.05.54	0539__id_99630051.rb	9075	6d8ef5edef255e9e1f0a402eb5b6dc1001c0295f51c2b45537d32ec7f7353f4b
540	99630052	PMD AutoChess Phase D-IV Hunt Run Random Map Bridge v1.05.55	0540__id_99630052.rb	13724	ba2a463994c4dfcb8fd20b5356a42be48c7a2b32f739d99a30649d7587ed1eb8
541	99630053	PMD AutoChess Phase D-IV Challenge First Clear Reward v1.05.56	0541__id_99630053.rb	10152	37a7f888619127cff0ccb5cf85985b28d202b308f59326641fac288880629b07
542	99630054	PMD AutoChess Phase D-IV Collection Continuity Hunt Economy v1.05.57	0542__id_99630054.rb	8577	47bb771d60d32659c28bb60508630ede1ce6b386296e28b67b8017838c5de0a3
543	99630055	PMD AutoChess Type-Colored Status Focus Charge v1.05.58	0543__id_99630055.rb	2310	2bd63ed91ab2caa9aa2157e44544ea2f8b952795c088cbe45f6e3279efe03329
544	99630056	PMD AutoChess Imported PMD Visual Test Roster v1.05.59	0544__id_99630056.rb	2501	8a16cc872226ade564194c6d331607c194b164a29968ec6af54e8462092fdd93
545	99630057	PMD AutoChess Hunt Challenge Tool Scenes C03-C06 v1.05.60	0545__id_99630057.rb	6444	d628618501ae5a916a75491149d8dbdf3b5e2b9dc5ad12d65fc060fe70e42966
546	99630058	PMD AutoChess VX Native Menu Scene Router v1.05.61	0546__id_99630058.rb	6631	3f5457615d0799a7e605f4081712fb8bf323c153f5ca708cccf07ad75cd2a28a
547	99630059	PMD AutoChess VX Menu Selector Render Fix v1.05.62	0547__id_99630059.rb	2290	7170111dc945bceaeb204ba0ca55fce92d5a3f1ece97a16d27e1901b406be290
548	99630060	PMD AutoChess Phase D-IV Challenge C07-C12 v1.05.63	0548__id_99630060.rb	4995	1c29cd0c47a89f0cc0696a38ee7958907251786c13baa0fc69746de3ce46cb10
549	99630061	PMD AutoChess Project State Sync Log v1.05.64	0549__id_99630061.rb	5990	b3819256a7387f2e272d62ecbb1e75a01986bc622a8fcbe6af6373f10f4baa87
550	99630062	PMD AutoChess Supply Viewport Lifecycle Seal v1.05.65	0550__id_99630062.rb	1858	ff3b08f8eecb635b4ac68e4d968a3819bafd6b78894b8cb84220a8cc63191d2f
551	99630063	PMD AutoChess Focus Type Color Authority Fix v1.05.66	0551__id_99630063.rb	1692	a818202ba218555fa780589d5c29ed005ee2cfd8fca9f151b492e627c2ee72a4
552	99630064	PMD AutoChess Legendary Challenge Circuits v1.05.67	0552__id_99630064.rb	9302	63487a4510d0d989534dda72d1941b419fba13e466c99d4fb4cad6b037e01875
553	99630065	PMD AutoChess Project State Sync Schema 2 v1.05.68	0553__id_99630065.rb	4884	7230e3a5b296f4df06527d2f4f8a1696b020a1096bc4d42a842e2a50a1dbdffd
554	99630066	PMD AutoChess Weather Maintenance Decision Audit v1.05.69	0554__id_99630066.rb	3894	3100af9f74a683b86652768b90179c25435034696f7c5587b71162435b852062
555	99630067	PMD AutoChess Curated Visual Test Four-Move Loadouts v1.05.70	0555__id_99630067.rb	3625	5389c3872841ca048a4cb908c016dde4a144059aab1d6e8001b73360013fe8f3
556	99630068	PMD AutoChess Hunt Rare Elite Feedback v1.05.71	0556__id_99630068.rb	3844	606150b541c01ff7657d606f397a06196a0f269ef63b72263be63cf3b2ff409f
557	99630069	PMD AutoChess Random Map Event Bridge v1.05.72	0557__id_99630069.rb	4464	874d99e0214c9c5e1c9d5872b7b27b2b5e694860b04831cdfaff476885e5bde2
558	99630070	PMD AutoChess Project State Sync Schema 3 v1.05.73	0558__id_99630070.rb	4889	2904e663f6c96c92a099c73825f807d5276576be78deb47effdf56af893ba0f0
559	99630071	PMD AutoChess Skill Banner Rendered Sprite Anchor Seal v1.05.74	0559__id_99630071.rb	3184	be621ac82ba245f618e79dc42a7b40fe1ef24a7f9f6a87dea49bcf2d1935b0c2
560	99630072	PMD AutoChess Hunt Run Lifecycle Floor Persistence v1.05.75	0560__id_99630072.rb	5498	c2e3166219f07afb1feb14c82ec533ea645fe9c23ae6d644bec2430873cf576a
561	99630073	PMD AutoChess Hunt Challenge Collection Info Data Authority v1.05.76	0561__id_99630073.rb	4736	bd615a6cfde25e45e79e2ada2435baaec4ef4b4c135662c2108b0acc477ffbd4
562	99630074	PMD AutoChess Project State Sync Schema 4 v1.05.77	0562__id_99630074.rb	5430	b430778a9fe53a41f0604b8ab6a08d4436aafe159c933361dd59297fe743e7a0
563	99630075	PMD AutoChess Hunt Region Economy v1.05.78	0563__id_99630075.rb	10517	ecb50744f2049cc4a92c472c46108a73b6758d793fa10a6faa3fe41a4528b7bf
564	99630076	PMD AutoChess Random Map Event Template Contract v1.05.79	0564__id_99630076.rb	4620	0a3f2fad948b68b79935aa85c8aa4d06fe87683a456da1c15c7ee42688e31446
565	99630077	PMD AutoChess Hunt Challenge UI Data Contract v1.05.80	0565__id_99630077.rb	6350	449c846a030aefc5077ca305760023f625e145744c42a659c805c426995b125f
566	99630078	PMD AutoChess Project State Sync Schema 5 v1.05.81	0566__id_99630078.rb	6316	44318b6f707183177b4e8d91a5fce845fa057d6d05fa7f53dcb61b8914665ba8
567	99630079	PMD AutoChess VX Native Random Dungeon Core v1.05.82	0567__id_99630079.rb	14641	3c84c2e682d780d35c3bbecb7ba72369e1f6454e3f2d6793e442f84096cf3660
568	99630080	PMD AutoChess VX Random Dungeon Placement Exploration v1.05.83	0568__id_99630080.rb	5068	44506a5cd6bccf5a085351ec419f14ade1e183c7afb74592edd7bef92562f746
569	99630081	PMD AutoChess Hunt VX Native Random Floor Integration v1.05.84	0569__id_99630081.rb	5076	3524529ae25a87569a67b63ba2a505c87c84f4f66f15d66da0bcbcc56dcf2595
570	99630082	PMD AutoChess Project State Sync Schema 6 VXRD Audit v1.05.85	0570__id_99630082.rb	4079	f0c69cf6eb41b76ae04e7cb35a96d80c1608f1b7010b90d5615b7cea2e333bbb
571	99630083	PMD AutoChess VXRD Dedicated AutoTest Harness v1.05.86	0571__id_99630083.rb	11654	681822c28b38b389dd541897f7c88a185933bc7b8a58278f11f7d4574a113ed1
572	99630084	PMD AutoChess VXRD AutoTest Scene Native Menu v1.05.87	0572__id_99630084.rb	3453	e49a5a1d7f638c1f80274a0e8e0f1ec508487830c457fd2ea4d95b836151db63
573	99630085	PMD AutoChess Project State Sync Schema 7 VXRD AutoTest v1.05.88	0573__id_99630085.rb	2902	f5f729be0c24d876191e6f4938415e556c57e7a7b0a7a6ed518a887c9ce02769
574	10589	PMD AutoChess VXRD FS Height Topology Wall Pass v1.05.89	0574__id_10589.rb	9763	89641b98aee555ca7aeabc76db2572588ead0d9c3bec0c04d722566b869c5a72
575	10590	PMD AutoChess VXRD Height Wall AutoTest Diagnostics v1.05.90	0575__id_10590.rb	2612	1efbadcaa942c3603a638194037e6cc3412ca26ebb7150e512372ae4c948d93a
576	10591	PMD AutoChess Project State Sync Schema 8 VXRD Height Wall v1.05.91	0576__id_10591.rb	2535	f97023d16272e74fcb780deb485f33a1566eb49589c61be7aeddd6829dc334e8
577	10592	PMD AutoChess VXRD Height Wall Geometry Repair II v1.05.92	0577__id_10592.rb	6605	13658f91ea7165149c6058587be23329ce639ccc2d3112c51e953a5d798acdfa
578	10593	PMD AutoChess VXRD Regular Water Zone Authority v1.05.93	0578__id_10593.rb	9007	5c25141ef4344ed7c9277c2193ef8ab3f807a7c0bfbf589b8bb8a62472c4e198
579	10594	PMD AutoChess VXRD Wall Water Windows Diagnostics v1.05.94	0579__id_10594.rb	3381	8d5d118617f05ec4534a5dddf0f303a33a6b386baca14f2f5116a52c72e4eeb1
580	10595	PMD AutoChess Project State Sync Schema 9 Wall Repair Water v1.05.95	0580__id_10595.rb	2284	080e3f796e4da51d07ba2b575109ef37fbff69d3c65ff19bf5729e046bbf8279
581	10596	PMD AutoChess F12 Alias Reload Safety Seal v1.05.96	0581__id_10596.rb	1286	c427f7e50a0120bdc9db411747c16f94aa7a593287c212199fd4284dda93263a
582	10597	PMD AutoChess VXRD Floor Water Palette Pair Authority v1.05.97	0582__id_10597.rb	4955	ade48d955f56ec163d589d360bbff6e83e118072817c5d35d6e0ed488ef47469
583	10598	PMD AutoChess VXRD Ground Decoration Pass v1.05.98	0583__id_10598.rb	5585	b80f383509070262359adad328ab7385caf6472a28ef07641d60b7ff8530b8ac
584	10599	PMD AutoChess Project State Sync Schema 10 F12 WaterPair Decor v1.05.99	0584__id_10599.rb	4986	ca1f0cc014d6ff7f990cc2343b9e9ea2f689a13450ef8b2cc6d203b12848961d
585	10600	PMD AutoChess VXRD Hunt Visual Style Water Bank Authority v1.06.00	0585__id_10600.rb	9001	c6e0ca8dc31a6a640391903275f4187f13f4d17eb5bb146bcf9569d23db9297c
586	10601	PMD AutoChess VXRD Room Type Authority v1.06.01	0586__id_10601.rb	8440	63f88b15b7bed35495ae17751946f78649c58e3f5c4defd40527c21a8759412a
587	10602	PMD AutoChess VXRD Treasure Rare Nest Elite Room Runtime v1.06.02	0587__id_10602.rb	7786	6a6a8477fdba870985da4b16abbf021a8f92db8f21bf7d03d041e1a32b244c9e
588	10603	PMD AutoChess Project State Sync Schema 11 VXRD Room Content v1.06.03	0588__id_10603.rb	5268	ec61cc6b70f1411f8d481823be1d38d75109317f69f5b84ad5f6ac59d279bcee
589	10604	PMD AutoChess VXRD Production Hunt Run Entry v1.06.04	0589__id_10604.rb	6229	c4baf51ba4290dfeef394210e49a86cf58a29bbb233aee5d15e6b557e2a8393f
590	10605	PMD AutoChess VXRD Hunt Floor Progression Run Settlement v1.06.05	0590__id_10605.rb	8725	743e98a5a4b462c746158c17c9eb2eff7138b47df328689e618e61934484912a
591	10606	PMD AutoChess VXRD Node Lifecycle Recovery Room v1.06.06	0591__id_10606.rb	12191	c8238425fe9367f93e8763dd4f4d0fd58d68f35f62380b26f2c093e409b9f5b0
592	10607	PMD AutoChess VXRD Room Visual Identity Ground Detail v1.06.07	0592__id_10607.rb	6117	35d93753665862b2bf916c3582f3a623c651907b5c890162065e867b9394c66c
593	10608	PMD AutoChess VXRD Hunt Run Battle Recruit Loot Accounting v1.06.08	0593__id_10608.rb	6920	4e8bc5f739c3ac036614f29d5d1a7906c30a68c0081c98b5c4c2a88583c66b95
594	10609	PMD AutoChess VXRD Save Load Resume Safety v1.06.09	0594__id_10609.rb	4090	400ad1764fa99f1d78beff22691faf9b9051cbe4d48892c50cdf3e7987ee7644
595	10610	PMD AutoChess VXRD Random Hunt Content Structure Seal v1.06.10	0595__id_10610.rb	10194	2917381532e88d808b5791150ab86db310115847bf2c5053916f3ab6058b27c7
596	10611	PMD AutoChess VXRD Unified Integrated Acceptance Harness v1.06.11	0596__id_10611.rb	6904	388ea55c4124a565264b36855f7e7dc73d1eb725b5405994c86e7235e057de0d
597	10612	PMD AutoChess Project State Schema 12 Random Hunt Integration Seal v1.06.12	0597__id_10612.rb	4972	a3e4c4e3e436351515a3bb0e441b25f0a2cbcce0d02d516b70137fc8a7e23e91
598	10613	PMD AutoChess Production External Battle Audit Fast Path v1.06.13	0598__id_10613.rb	2685	5273c8fea1826e21a964bb932067a58cabd27327d3f8cd72ed4e0fb926a83eeb
599	10614	PMD AutoChess Focus Post-Lock Delivery Reconciliation v1.06.14	0599__id_10614.rb	10513	84bf36874d98f82446245552aa20ac8023e9822d83cd8694d6358b585be201e5
600	10615	PMD AutoChess Project State Schema 13 Technical Debt Seal v1.06.15	0600__id_10615.rb	2866	4355a734252dc864385cdef15ab8bce5f97ce925abf2d41a09ba5854c379ba08
601	10616001	PMD AutoChess Production Verification Prepare Fast Path v1.06.16	0601__id_10616001.rb	3524	7f514a840dbc3d169c72b8a4bf6368f00b6c6008ca68b1ed02c2007d2faa0a32
602	10617001	PMD AutoChess Focus World-Active Reconciliation Queue v1.06.17	0602__id_10617001.rb	11273	c00e17d723a1447114b14dc7713a1b2269564d8212dce5742c1976cab44e6ed2
603	10618001	PMD AutoChess Project State Schema 14 Technical Debt Recheck v1.06.18	0603__id_10618001.rb	2964	da688f8047f14e8dc7430f8413a7156c1b86e5b1b0a2824623d6d2c82ea55830
604	10619001	PMD AutoChess RGSS2 Production Fast Path Compatibility Hotfix v1.06.19	0604__id_10619001.rb	3578	e69f3cd07a70197740201f5f43f77c692515dd80bc9b65e5d25f6b401e1224f3
605	10620001	PMD AutoChess Production Runtime Asset Catalog Scan Fast Path v1.06.20	0605__id_10620001.rb	4087	4c54d83b6ca1de4e119553d51c280085cbc719ffa179ac5b93e89c170c01a16d
606	10621001	PMD AutoChess Project State Schema 15 Startup Debt Recheck v1.06.21	0606__id_10621001.rb	2790	282f1eeac623623408b5d4d70ef29778fe4222724111887af2936fbef4a4297b
607	106220000	PMD AutoChess Focus Source-KO Delivery Cancellation Reconciliation v1.06.22	0607__id_106220000.rb	3216	77f0b9327ccd9bcdf361a2d221ae7cf110f4b00839754c08c6b182ab9f23db39
608	106220001	PMD AutoChess Production Encounter Resource Manifest + Loading Attribution v1.06.23	0608__id_106220001.rb	7767	cb238227cbd711423a428a00f63b004b14695cc193f7ded411cee7bf6d84cdfb
609	106220002	PMD AutoChess Project State Schema 16 Technical Debt Final Recheck v1.06.24	0609__id_106220002.rb	2602	e363cf4e4343d53acfac96d9c17506e598414c360bdd0be51642a4f8ccbd5c5d
610	900610	PMD AutoChess Windows Technical Debt Acceptance Seal v1.06.25	0610__id_900610.rb	3861	d0b4a9016eb05a2295a10a7bef6a67c7571b52eab1db682a78ec7c67076dceb5
611	900611	PMD AutoChess Hunt Runtime Availability Semantics Seal v1.06.26	0611__id_900611.rb	3734	9c132566e94ceb3e109fee7a1d4999306b627259d06e59d5dfb663e83868a431
612	900612	PMD AutoChess VXRD Production Windows Integrated Acceptance v1.06.27	0612__id_900612.rb	8753	b80e32c6cc090c37dd1c52edc0ee5cc99313d722754669495d20f6f4954a8e2b
613	900613	PMD AutoChess Project State Schema 17 VXRD Windows Acceptance v1.06.28	0613__id_900613.rb	4167	bcb82ebf611f51a0f60e332cd9ea4b5f09aa9329fe408267646c8821de32e476
614	900614	PMD AutoChess Hunt Sequential Clear Unlock + Retreat UX v1.06.29	0614__id_900614.rb	5652	42c264548dca3fc2df13909be7a1d29990b81278dccd33985525772e73e92f2a
615	900615	PMD AutoChess Project State Schema 18 Hunt Unlock + Retreat v1.06.30	0615__id_900615.rb	2918	448c721e0849ac7f164d94893810e4539eeaedbf9ec49b460847417e5303f79c
616	900616	PMD AutoChess Battle Presentation Authority v1.06.31	0616__id_900616.rb	21308	866a9d1ddc034b9f6ee4ae5d3866f8fb06dec33d41c6136ab4db12fba3c4e276
617	900617	PMD AutoChess Battle Presentation Polish v1.06.32	0617__id_900617.rb	9588	4a45c6a3dca476f7413875039dd64dac1d54700dbfe503916e28bb7d49b012b1
618	900618	PMD AutoChess Battle Presentation Acceptance Seal v1.06.33	0618__id_900618.rb	3396	79fe91a53fd43104e4cdfbefd32809af81f2715a71eb4df636118a299d8800de
619	900619	PMD AutoChess VXRD Windows Final Acceptance Conductor v1.06.34	0619__id_900619.rb	32429	8079a5af5f74bc49e43a888514a8235875d156c611ae55b11447286591f98489
620	900620	PMD AutoChess VXRD Acceptance Non-Combat Fixture v1.06.35	0620__id_900620.rb	7798	b36196b3824ff632287d48f68b6de8ef761fc3dfd368df5949c83d31b5f82e60
621	900621	PMD AutoChess VXRD Gate 2 Hunt Contentization Foundation I v1.06.36	0621__id_900621.rb	16143	c2d11bd5b521b7416a18ccddba17b5956905a3ca4dff87e4a38b9046d612ae5f
622	900622	PMD AutoChess VXRD RTP Material Authority I v1.06.37	0622__id_900622.rb	15369	29674c5e9fc56100df4badd05a65f3492e0b9d58ec348fc4c085366ff7ea5266
623	900623	PMD AutoChess VXRD RTP Material Authority II v1.06.38	0623__id_900623.rb	13875	49312a89828dec53bb11c54897ae7c34ec3ac141b2e6b2b429f72bca36bc951b
624	1063900	PMD AutoChess Hunt Style Preview QA v1.06.39	0624__id_1063900.rb	14269	a8502e24b9c79b47a71d1a7e33765e7da5b0a9b19c658818941025ac97a28fed
625	1064000	PMD AutoChess Hunt Style Correction I v1.06.40	0625__id_1064000.rb	13797	0e193ea3c9cb927c4c0c83ca92093beee4d0239359c3eae2d9faad9dba027058
626	1064100	PMD AutoChess VXRD Tileset Semantic Reset I v1.06.41	0626__id_1064100.rb	19197	72e0da5719b373004998148427a8caa0f9108572bda4859f686ec0e5eaa03a1a
627	1064200	PMD AutoChess VXRD Native Autotile Rule Correction I v1.06.42	0627__id_1064200.rb	14495	99300d4828f34a92e4845fc1384af1a45f920d580bb5f08119784631220f887f
628	1064300	PMD AutoChess VXRD Minimap Foundation I v1.06.43	0628__id_1064300.rb	10534	d40b183f5c7d84af42b64c9ed589aa26a64e819d61562bf70794461bac4501dc
629	1064400	PMD AutoChess VXRD Landmark Template Authority I v1.06.44	0629__id_1064400.rb	14158	a0c38b8d169714e24b0961959d2836bc2301c7032b1e3917a1485b34bbe714f3
630	1064500	PMD AutoChess VXRD Upper Tile ID Coordinate Authority Reset v1.06.45	0630__id_1064500.rb	8219	bd1f1cb69840a6bbc30868bbfa6141eab39d614ca42617d2748b21397fd9ab32
631	1064600	PMD AutoChess VXRD Event Semantic Placement I v1.06.46	0631__id_1064600.rb	16698	e4f46bb79ddd6494228f17e7f07621edce6239e53fc15cac232470958baf7d8b
632	1064700	PMD AutoChess VXRD Event Visual Identity I v1.06.47	0632__id_1064700.rb	11619	cf21998b86088e1a6de7811817ad0fbdf69c158caa1a6253b1c2053cd83a446d
633	1064800	PMD AutoChess VXRD Event-Owned Marker Authority v1.06.48	0633__id_1064800.rb	8338	6d3a5255a52a2f822dbf6067323873524e171d2c4469e179f5cd391347f82826
634	1064900	PMD AutoChess VXRD FS-Style Event Template Map Authority v1.06.49	0634__id_1064900.rb	22501	4d84b8ad2a79a3d9e36d186b78ad8489c5c7d9e53a7b07130d7bf001fb78bd67
635	1065000	PMD AutoChess Map091 Editor Registration Bridge v1.06.50	0635__id_1065000.rb	7707	b4ff04706b2f85c9957f7729af70122ffecc28f88cc857850fbe5773477d474a
636	1065100	PMD AutoChess VXRD Map091 Authoring Guard & FS Parity I v1.06.51	0636__id_1065100.rb	20910	76408334ec335554776296fb807e33b893c3016a72022d2b47e4d4dbf824776d
637	1065200	PMD AutoChess VXRD Map091 Event Contentization I v1.06.52	0637__id_1065200.rb	9223	b2648b36923d2d2074925c8acab57375ec4520f2a41b1b38eb6b3842137cc1e4
638	1065300	PMD AutoChess VXRD Landmark PNG Authority Foundation I v1.06.53	0638__id_1065300.rb	14390	85556b228df20779d275a29b64b5ebf4f9b940265080d9e2d86cc2872fb43dab
639	1065400	PMD AutoChess VXRD Landmark Single-Prop Semantic Presence Collision I v1.06.54	0639__id_1065400.rb	19131	0e95efef9810bae1e0dadf3af1170304cd3c879b0efc394b77500a56d2c6429c
640	1065500	PMD AutoChess VXRD Landmark Route Safety Audit I v1.06.55	0640__id_1065500.rb	16338	51dc52781b29acefa51d2550f46770bf7136d910ac615d00935fbd1375033cb3
641	1065600	PMD AutoChess VXRD Random Hunt Real Loading Overlay I v1.06.56	0641__id_1065600.rb	19295	029c0a557ac44677d24110f8ca7be2933aa0c9296f5dc440e989f551d64f7d28
642	1065700	PMD AutoChess VXRD Landmark Vegetation Wetland Coverage Expansion I v1.06.57	0642__id_1065700.rb	5709	be91725e395e87bb79553d11d0bb125f913d7e8f2aabf164609e688e4e820ede
643	1065800	PMD AutoChess VXRD Water-Bottom Autotile Pair Authority I v1.06.58	0643__id_1065800.rb	7627	aae49d6c64fbacbba1b077a42992a5f4e954a75876ce6ba155f58b1a1c2ff7b1
644	1066100	PMD AutoChess VXRD A1 Liquid Surface Semantic Authority II v1.06.61	0644__id_1066100.rb	8383	a07d64dafa83d30958edd6045281f820c9e08831ea56757d0e977e8b58461d7d
645	1066200	PMD AutoChess Gate 3 Floor-Depth Risk Curve + Settlement Visibility I v1.06.62	0645__id_1066200.rb	11244	bed1c3410378944656ff5f4a6b62615942bc02e27e74ef39bae8e4c42a1ee980
646	1066300	PMD AutoChess Gate 3 Completion Incentive + Retreat Clarity I v1.06.63	0646__id_1066300.rb	8103	bf3ed879de7ab6f6a435040311c32a418c155a28ea03e307643e63dee5a78aa8
647	1066400	PMD AutoChess Gate 3 Run Accounting Semantic Persistence I v1.06.64	0647__id_1066400.rb	13798	a17f14791cfb50296caefc829931f66d0f6c8fb6ec7e9072d09dfa0629d288ed
648	1066600	PMD AutoChess Gate 3 Integrated Seal Convergence I v1.06.66	0648__id_1066600.rb	14296	e77c86f35737d93c3d1a8bca16e71817df815f5505ff6173c8962ab6f477570a
649	1066700	PMD AutoChess P8 Formal Cross-Gate Regression + QA Shortcut Consolidation I v1.06.67	0649__id_1066700.rb	17758	57d6990cf507c944e6958668b728c5f62cd20e8eeb35428bc52a1e97207fc293
650	250	Main	0650__id_250.rb	571	8fdfe50524b8d32a91901e636c6100dba33a42baa6ff09a8153f31786a585558
651	251		0651__id_251.rb	0	e3b0c44298fc1c149afbf4c8996fb92427ae41e4649b934ca495991b7852b855
